Audio File (Original),split duration,dept
STT_CS-2010_2010-M_M-D_D-G02_G03-2_2-L_L-01,00:13:08.320,STT_CS
STT_CS-2013-P-D-B08-5-R-01,00:15:05.973,STT_CS
STT_CS-2013_2015-P_P-D_D-B01_B03-4_4-R_R-01,00:18:27.001,STT_CS
STT_CS-D-1976-M-D-G01-6-L-01,00:14:45.618,STT_CS
STT_CS-D-1999-M-D-G05-6-L-01,00:01:35.903,STT_CS
STT_CS-D-2001-M-D-G05-4-L-01,00:01:36.946,STT_CS
STT_CS-D-2008-M-D-G03-3-L-01,00:01:51.781,STT_CS
STT_CS-D-2008-M-D-G05-4-L-01,00:06:51.168,STT_CS
STT_CS-D-2008-P-D-B01-0-R-01,00:14:37.037,STT_CS
STT_CS-D-2009-M-D-B05-6-R-01,00:04:52.805,STT_CS
STT_CS-D-2009-M-D-G03-3-L-01,00:18:23.300,STT_CS
STT_CS-D-2009-M-D-G05-6-L-01,00:02:23.303,STT_CS
STT_CS-D-2009-P-D-G02-5-N-01,00:18:29.743,STT_CS
STT_CS-D-2009-P-D-G06-2-K-01,00:00:42.712,STT_CS
STT_CS-D-2010-M-D-B04-6-R-01,00:03:40.691,STT_CS
STT_CS-D-2010-M-D-B06-3-R-01,00:18:24.909,STT_CS
STT_CS-D-2010-M-D-B06-6-R-01,00:20:28.654,STT_CS
STT_CS-D-2010-M-D-B06-6-R-02,00:04:25.150,STT_CS
STT_CS-D-2010-M-D-B07-4-R-01,00:17:51.983,STT_CS
STT_CS-D-2010-M-D-B08-6-R-01a,00:18:10.447,STT_CS
STT_CS-D-2010-M-D-B08-6-R-01b,00:00:15.079,STT_CS
STT_CS-D-2010-M-D-B08-6-R-02,00:16:02.112,STT_CS
STT_CS-D-2010-M-D-G02-2-L-01,00:06:23.916,STT_CS
STT_CS-D-2010-M-D-G02-2-L-02,00:06:23.916,STT_CS
STT_CS-D-2010-M-D-G03-2-L-01,00:03:19.556,STT_CS
STT_CS-D-2010-P-D-B03-5-R-02,00:13:16.916,STT_CS
STT_CS-D-2010-P-D-B03-6-R-01,00:02:56.622,STT_CS
STT_CS-D-2010-P-D-B03-6-R-02,00:12:27.874,STT_CS
STT_CS-D-2010-P-D-B04-5-R-01a,00:07:08.646,STT_CS
STT_CS-D-2010-P-D-B04-5-R-01b,00:02:20.496,STT_CS
STT_CS-D-2010-P-D-B05-5-R-01-a,00:00:35.893,STT_CS
STT_CS-D-2010-P-D-B05-5-R-01b,00:01:01.274,STT_CS
STT_CS-D-2010-P-D-B05-5-R-01c,00:00:22.697,STT_CS
STT_CS-D-2010-P-D-B05-5-R-01d,00:00:22.108,STT_CS
STT_CS-D-2010-P-D-B05-5-R-02a,00:05:34.951,STT_CS
STT_CS-D-2010-P-D-B05-5-R-02b,00:11:04.584,STT_CS
STT_CS-D-2010-P-D-B05-5-R-03,00:07:15.099,STT_CS
STT_CS-D-2010-P-D-G05-2-K-01,00:05:30.174,STT_CS
STT_CS-D-2010-P-D-G05-6-N-01,00:09:01.739,STT_CS
STT_CS-D-2010_2010-M_M-D_D-G02_G02-2_2-L_L-03,00:07:26.132,STT_CS
STT_CS-D-2010_2010-M_M-D_D-G03_G02-2_2-L_L-01,00:12:10.018,STT_CS
STT_CS-D-2010_2010-M_M-D_D-G03_G02-2_2-L_L-02,00:11:02.228,STT_CS
STT_CS-D-2010_2010-M_M-D_D-G03_G02-2_2-L_L-03,00:11:18.084,STT_CS
STT_CS-D-2010_2010-M_M-D_D-G03_G02-2_2-L_L-04,00:07:39.496,STT_CS
STT_CS-D-2010_2010-M_M-G03_G02-2_2-L_L-02,00:05:15.928,STT_CS
STT_CS-D-2010_2013-M_M-D_D-G02_G02-2_2-L_L-02,00:08:10.129,STT_CS
STT_CS-D-2010_2014-M_M-D_D-G02_G04-0_0-L_L-01,00:13:30.980,STT_CS
STT_CS-D-2011-M-D-B00-K-R-01,00:01:05.197,STT_CS
STT_CS-D-2011-M-D-B02-5-R-01,00:05:55.050,STT_CS
STT_CS-D-2011-M-D-B02-5-R-02,00:14:03.158,STT_CS
STT_CS-D-2011-M-D-B03-5-R-01,00:14:44.680,STT_CS
STT_CS-D-2011-M-D-B03-5-R-02,00:06:03.184,STT_CS
STT_CS-D-2011-M-D-B04-4-R-03a,00:08:37.033,STT_CS
STT_CS-D-2011-M-D-B04-4-R-03b,00:01:48.742,STT_CS
STT_CS-D-2011-M-D-B04-6-R-01,00:17:18.653,STT_CS
STT_CS-D-2011-M-D-B05-5-R-01b,00:03:28.133,STT_CS
STT_CS-D-2011-M-D-B05-5-R-02,00:04:52.072,STT_CS
STT_CS-D-2011-M-D-B06-5-R-01,00:15:22.221,STT_CS
STT_CS-D-2011-M-D-B06-6-R-01,00:16:41.053,STT_CS
STT_CS-D-2011-M-D-B07-5-R-01,00:16:06.534,STT_CS
STT_CS-D-2011-M-D-B08-5-R-01,00:11:07.768,STT_CS
STT_CS-D-2011-M-D-B08-5-R-02a,00:09:08.821,STT_CS
STT_CS-D-2011-M-D-B08-5-R-02b,00:04:56.630,STT_CS
STT_CS-D-2011-M-D-B08-5-R-03,00:05:16.153,STT_CS
STT_CS-D-2011-M-D-B08-5-R-04,00:10:32.215,STT_CS
STT_CS-D-2011-M-D-B08-5-R-05,00:08:03.470,STT_CS
STT_CS-D-2011-M-D-B09-6-R-01,00:17:02.813,STT_CS
STT_CS-D-2011-M-D-G02-3-L-01,00:03:56.205,STT_CS
STT_CS-D-2011-M-D-G03-2-L-02,00:03:44.937,STT_CS
STT_CS-D-2011-M-D-G04-3-L-01,00:10:21.726,STT_CS
STT_CS-D-2011-M-D-G04-3-L-02,00:14:39.230,STT_CS
STT_CS-D-2011-M-D-G05-3-L-01,00:09:34.841,STT_CS
STT_CS-D-2011-M-D-G06-1-L-01,00:11:59.752,STT_CS
STT_CS-D-2011-P-D-B03-3-R-01,00:14:14.017,STT_CS
STT_CS-D-2011-P-D-B03-6-R-01,00:12:17.397,STT_CS
STT_CS-D-2011-P-D-B03-6-R-02,00:03:30.257,STT_CS
STT_CS-D-2011-P-D-B03-6-R-03,00:10:46.520,STT_CS
STT_CS-D-2011-P-D-B04-4-R-01a,00:13:02.571,STT_CS
STT_CS-D-2011-P-D-B04-4-R-01b,00:07:09.860,STT_CS
STT_CS-D-2011-P-D-B04-5-R-01,00:12:17.976,STT_CS
STT_CS-D-2011-P-D-B05-3-R-03,00:14:54.004,STT_CS
STT_CS-D-2011-P-D-B05-4-R-01,00:19:39.947,STT_CS
STT_CS-D-2011-P-D-B05-4-R-02,00:05:15.133,STT_CS
STT_CS-D-2011-P-D-B05-5-r-01,00:06:19.535,STT_CS
STT_CS-D-2011-P-D-B06-4-R-01,00:05:46.833,STT_CS
STT_CS-D-2011-P-D-B06-6-R-01,00:04:44.291,STT_CS
STT_CS-D-2011-P-D-B07-5-R-01,00:20:30.810,STT_CS
STT_CS-D-2011-P-D-B08-5-R-01a,00:08:14.249,STT_CS
STT_CS-D-2011-P-D-B08-5-R-01b,00:02:30.744,STT_CS
STT_CS-D-2011-P-D-B08-5-R-01c,00:01:50.633,STT_CS
STT_CS-D-2011-P-D-B08-5-R-02a,00:03:29.947,STT_CS
STT_CS-D-2011-P-D-B08-5-R-03,00:08:21.490,STT_CS
STT_CS-D-2011-P-D-G04-2-K-01,00:00:53.271,STT_CS
STT_CS-D-2011-P-D-G05-2-K-01a,00:00:31.082,STT_CS
STT_CS-D-2011-P-D-G05-2-K-01b,00:00:44.859,STT_CS
STT_CS-D-2011-P-D-G05-2-K-01c,00:00:42.837,STT_CS
STT_CS-D-2011-P-D-G05-6-N-01,00:11:37.168,STT_CS
STT_CS-D-2011_2010-M_M-D_D-G01_G02-2_2-L_L-02,00:12:11.543,STT_CS
STT_CS-D-2011_2011-M_M-D_D-G02_G02-2_2-L_L-02,00:07:58.967,STT_CS
STT_CS-D-2011_2012-M_M-D_D-B05_B06-5_5-R_R-03,00:15:19.194,STT_CS
STT_CS-D-2011_2013-M_M-D_D-G02_G02-2_2-L_L-02,00:09:34.651,STT_CS
STT_CS-D-2011_2013-P_P-D_D-B05_B09-4_4-R_R-01,00:07:56.872,STT_CS
STT_CS-D-2012-M-D-B01-0-R-02,00:07:02.808,STT_CS
STT_CS-D-2012-M-D-B01-0-R-03,00:00:53.716,STT_CS
STT_CS-D-2012-M-D-B01-0-R-05,00:04:43.930,STT_CS
STT_CS-D-2012-M-D-B01-3-R-01,00:13:00.578,STT_CS
STT_CS-D-2012-M-D-B01-4-R-01,00:16:39.537,STT_CS
STT_CS-D-2012-M-D-B01-4-R-02,00:03:59.229,STT_CS
STT_CS-D-2012-M-D-B01-4-R-03,00:03:32.950,STT_CS
STT_CS-D-2012-M-D-B01-4-R-04,00:08:07.068,STT_CS
STT_CS-D-2012-M-D-B01-6-R-01,00:18:41.767,STT_CS
STT_CS-D-2012-M-D-B02-3-R-01,00:07:57.674,STT_CS
STT_CS-D-2012-M-D-B02-4-R-05,00:22:59.030,STT_CS
STT_CS-D-2012-M-D-B03-3-R-01a,00:31:37.185,STT_CS
STT_CS-D-2012-M-D-B03-3-R-01b,00:07:10.169,STT_CS
STT_CS-D-2012-M-D-B03-4-R-01,00:13:46.683,STT_CS
STT_CS-D-2012-M-D-B03-4-R-02,00:01:21.758,STT_CS
STT_CS-D-2012-M-D-B03-4-R-03,00:09:01.325,STT_CS
STT_CS-D-2012-M-D-B03-5-R-01,00:19:52.943,STT_CS
STT_CS-D-2012-M-D-B03-5-R-02,00:09:42.836,STT_CS
STT_CS-D-2012-M-D-B03-6-R-01,00:20:00.366,STT_CS
STT_CS-D-2012-M-D-B04-4-R-02,00:14:33.228,STT_CS
STT_CS-D-2012-M-D-B04-5-R-01a,00:03:55.860,STT_CS
STT_CS-D-2012-M-D-B04-5-R-01b,00:02:01.974,STT_CS
STT_CS-D-2012-M-D-B04-5-R-02-a,00:04:24.565,STT_CS
STT_CS-D-2012-M-D-B04-5-R-02-b,00:01:19.091,STT_CS
STT_CS-D-2012-M-D-B04-5-R-02-c,00:01:51.291,STT_CS
STT_CS-D-2012-M-D-B04-6-R-01,00:18:37.452,STT_CS
STT_CS-D-2012-M-D-B04-6-R-02,00:13:57.331,STT_CS
STT_CS-D-2012-M-D-B05-4-R-01,00:10:35.715,STT_CS
STT_CS-D-2012-M-D-B05-5-R-01a,00:02:09.415,STT_CS
STT_CS-D-2012-M-D-B05-5-R-01b,00:07:22.108,STT_CS
STT_CS-D-2012-M-D-B05-5-R-02,00:03:09.078,STT_CS
STT_CS-D-2012-M-D-B05-5-R-03,00:07:31.143,STT_CS
STT_CS-D-2012-M-D-B05-5-R-05,00:07:27.146,STT_CS
STT_CS-D-2012-M-D-B05-5-R-07,00:08:38.197,STT_CS
STT_CS-D-2012-M-D-B06-6-R-01,00:03:05.564,STT_CS
STT_CS-D-2012-M-D-B07-5-R-01a,00:01:31.159,STT_CS
STT_CS-D-2012-M-D-B07-5-R-01b,00:00:53.781,STT_CS
STT_CS-D-2012-M-D-B07-6-R-01,00:05:57.869,STT_CS
STT_CS-D-2012-M-D-B08-5-R-01a,00:03:37.740,STT_CS
STT_CS-D-2012-M-D-B08-5-R-01b,00:02:32.448,STT_CS
STT_CS-D-2012-M-D-B08-5-R-02,00:20:27.014,STT_CS
STT_CS-D-2012-M-D-B08-5-R-03,00:18:46.247,STT_CS
STT_CS-D-2012-M-D-B08-5-T-01,00:01:48.043,STT_CS
STT_CS-D-2012-M-D-B08-6-R-01,00:03:59.783,STT_CS
STT_CS-D-2012-M-D-B08-6-R-02,00:09:18.313,STT_CS
STT_CS-D-2012-M-D-B09-6-R-01,00:06:19.165,STT_CS
STT_CS-D-2012-M-D-B09-6-R-02,00:14:31.991,STT_CS
STT_CS-D-2012-M-D-G01-1-L-01,00:09:00.735,STT_CS
STT_CS-D-2012-P-D-B01-6-R-01,00:11:52.902,STT_CS
STT_CS-D-2012-P-D-B02-4-R-01,00:06:45.149,STT_CS
STT_CS-D-2012-P-D-B03-4-R-02,00:06:17.880,STT_CS
STT_CS-D-2012-P-D-B04-4-R-01,00:04:49.543,STT_CS
STT_CS-D-2012-P-D-B04-4-R-04,00:17:08.416,STT_CS
STT_CS-D-2012-P-D-B04-5-R-01,00:15:11.511,STT_CS
STT_CS-D-2012-P-D-B04-5-R-02,00:04:30.887,STT_CS
STT_CS-D-2012-P-D-B04-5-R-03,00:01:32.147,STT_CS
STT_CS-D-2012-P-D-B05-4-R-01,00:13:44.576,STT_CS
STT_CS-D-2012-P-D-B05-4-R-02,00:37:03.560,STT_CS
STT_CS-D-2012-P-D-B05-5-R-01,00:12:00.884,STT_CS
STT_CS-D-2012-P-D-B05-5-R-02,00:11:22.557,STT_CS
STT_CS-D-2012-P-D-B05-5-R-03a,00:02:11.710,STT_CS
STT_CS-D-2012-P-D-B05-5-R-03b,00:05:19.297,STT_CS
STT_CS-D-2012-P-D-B06-4-R-01,00:05:28.759,STT_CS
STT_CS-D-2012-P-D-B06-4-R-02,00:06:33.525,STT_CS
STT_CS-D-2012-P-D-B06-4-R-03,00:02:25.876,STT_CS
STT_CS-D-2012-P-D-B07-5-R-01a,00:01:04.631,STT_CS
STT_CS-D-2012-P-D-B07-5-R-01b,00:01:20.392,STT_CS
STT_CS-D-2012-P-D-B07-5-R-02,00:13:00.909,STT_CS
STT_CS-D-2012-P-D-B07-5-R-03,00:18:35.436,STT_CS
STT_CS-D-2012-P-D-B07-6-R-01,00:03:29.383,STT_CS
STT_CS-D-2012-P-D-B08-6-R-01,00:03:15.092,STT_CS
STT_CS-D-2012-P-D-G02-1-N-01,00:05:57.091,STT_CS
STT_CS-D-2012-P-D-G02-3-N-03,00:06:43.625,STT_CS
STT_CS-D-2012-P-D-G03-3-N-01,00:09:20.764,STT_CS
STT_CS-D-2012-P-D-G03-3-N-03,00:14:12.086,STT_CS
STT_CS-D-2012-P-D-G03-3-N-04,00:05:14.670,STT_CS
STT_CS-D-2012-P-D-G03-3-N-05,00:05:14.670,STT_CS
STT_CS-D-2012-P-D-G05-5-K-01,00:10:46.620,STT_CS
STT_CS-D-2012_2013-M_M-D_D-B06_B05-5_5-R_R-02,00:11:34.606,STT_CS
STT_CS-D-2013-M-D-B01-0-R-01,00:19:06.008,STT_CS
STT_CS-D-2013-M-D-B01-0-R-02,00:05:30.358,STT_CS
STT_CS-D-2013-M-D-B01-0-R-03,00:20:31.936,STT_CS
STT_CS-D-2013-M-D-B01-3-R-01,00:09:43.167,STT_CS
STT_CS-D-2013-M-D-B01-3-R-2,00:13:53.973,STT_CS
STT_CS-D-2013-M-D-B01-4-R-02,00:08:57.123,STT_CS
STT_CS-D-2013-M-D-B01-4-R-03,00:12:15.044,STT_CS
STT_CS-D-2013-M-D-B02-2-R-02a,00:01:47.814,STT_CS
STT_CS-D-2013-M-D-B02-2-R-02b,00:07:43.909,STT_CS
STT_CS-D-2013-M-D-B02-4-R-01,00:12:37.655,STT_CS
STT_CS-D-2013-M-D-B02-5-R-02,00:17:22.578,STT_CS
STT_CS-D-2013-M-D-B03-1-R-01,00:03:02.816,STT_CS
STT_CS-D-2013-M-D-B03-1-R-02,00:04:38.802,STT_CS
STT_CS-D-2013-M-D-B03-2-R-01a,00:02:11.768,STT_CS
STT_CS-D-2013-M-D-B03-2-R-01b,00:02:54.504,STT_CS
STT_CS-D-2013-M-D-B03-2-R-03,00:05:48.181,STT_CS
STT_CS-D-2013-M-D-B03-3-R-01,00:09:55.881,STT_CS
STT_CS-D-2013-M-D-B03-4-R-01,00:11:35.222,STT_CS
STT_CS-D-2013-M-D-B03-4-R-03,00:12:07.958,STT_CS
STT_CS-D-2013-M-D-B03-4-R-04a,00:03:03.228,STT_CS
STT_CS-D-2013-M-D-B03-4-R-04b,00:04:24.447,STT_CS
STT_CS-D-2013-M-D-B03-4-R-05,00:09:31.903,STT_CS
STT_CS-D-2013-M-D-B03-5-R-01,00:21:51.866,STT_CS
STT_CS-D-2013-M-D-B03-5-R-03,00:06:28.220,STT_CS
STT_CS-D-2013-M-D-B04-02-R-01,00:20:24.934,STT_CS
STT_CS-D-2013-M-D-B04-2-R-01a,00:02:15.540,STT_CS
STT_CS-D-2013-M-D-B04-2-R-01b,00:01:41.789,STT_CS
STT_CS-D-2013-M-D-B04-2-R-02,00:05:48.876,STT_CS
STT_CS-D-2013-M-D-B04-2-R-03,00:12:20.580,STT_CS
STT_CS-D-2013-M-D-B04-4-R-01,00:16:21.997,STT_CS
STT_CS-D-2013-M-D-B04-4-R-02,00:23:59.731,STT_CS
STT_CS-D-2013-M-D-B04-4-R-03,00:06:26.548,STT_CS
STT_CS-D-2013-M-D-B04-4-R-04,00:11:57.254,STT_CS
STT_CS-D-2013-M-D-B04-5-R-01,00:04:06.812,STT_CS
STT_CS-D-2013-M-D-B04-5-R-02,00:20:44.635,STT_CS
STT_CS-D-2013-M-D-B05-3-R-01a,00:01:10.658,STT_CS
STT_CS-D-2013-M-D-B05-3-R-01b,00:02:05.821,STT_CS
STT_CS-D-2013-M-D-B05-4-R-01,00:03:42.768,STT_CS
STT_CS-D-2013-M-D-B05-4-R-02,00:02:14.839,STT_CS
STT_CS-D-2013-M-D-B05-4-R-03,00:14:39.410,STT_CS
STT_CS-D-2013-M-D-B05-5-R-01,00:03:15.194,STT_CS
STT_CS-D-2013-M-D-B05-5-R-03,00:02:45.337,STT_CS
STT_CS-D-2013-M-D-B05-5-R-04,00:10:46.809,STT_CS
STT_CS-D-2013-M-D-B05-5-R-05,00:08:34.299,STT_CS
STT_CS-D-2013-M-D-B05-5-R-06,00:07:40.756,STT_CS
STT_CS-D-2013-M-D-B06-4-R-01,00:08:13.345,STT_CS
STT_CS-D-2013-M-D-B06-4-R-01a,00:01:27.918,STT_CS
STT_CS-D-2013-M-D-B06-4-R-01b,00:01:40.676,STT_CS
STT_CS-D-2013-M-D-B06-4-R-02,00:01:25.877,STT_CS
STT_CS-D-2013-M-D-B06-4-R-03,00:01:19.236,STT_CS
STT_CS-D-2013-M-D-B06-4-R-04a,00:00:59.822,STT_CS
STT_CS-D-2013-M-D-B06-4-R-04b,00:00:55.063,STT_CS
STT_CS-D-2013-M-D-B06-4-R-04c,00:03:24.796,STT_CS
STT_CS-D-2013-M-D-B06-4-R-05,00:08:35.540,STT_CS
STT_CS-D-2013-M-D-B06-4-T-01,00:01:46.940,STT_CS
STT_CS-D-2013-M-D-B06-5-R-01,00:03:41.638,STT_CS
STT_CS-D-2013-M-D-B07-4-R-01a,00:02:52.514,STT_CS
STT_CS-D-2013-M-D-B07-4-R-01b,00:02:35.250,STT_CS
STT_CS-D-2013-M-D-B07-4-R-02,00:11:54.029,STT_CS
STT_CS-D-2013-M-D-B07-4-R-03,00:06:32.614,STT_CS
STT_CS-D-2013-M-D-B07-4-R-04,00:16:04.999,STT_CS
STT_CS-D-2013-M-D-B07-5-R-02,00:15:48.290,STT_CS
STT_CS-D-2013-M-D-B07-5-R-3,00:06:43.501,STT_CS
STT_CS-D-2013-M-D-B08-5-R-01,00:01:46.386,STT_CS
STT_CS-D-2013-M-D-G02-0-L-01,00:04:14.364,STT_CS
STT_CS-D-2013-M-D-G02-2-L-01,00:02:32.687,STT_CS
STT_CS-D-2013-M-D-G03-1-L-01,00:09:12.323,STT_CS
STT_CS-D-2013-P-D-B01-3-R-03,00:01:39.488,STT_CS
STT_CS-D-2013-P-D-B01-4-R-01-a,00:01:34.837,STT_CS
STT_CS-D-2013-P-D-B01-4-R-01-b,00:01:02.185,STT_CS
STT_CS-D-2013-P-D-B01-4-R-02,00:02:33.665,STT_CS
STT_CS-D-2013-P-D-B01-4-R-03,00:05:40.068,STT_CS
STT_CS-D-2013-P-D-B02-4-R-01a,00:00:59.939,STT_CS
STT_CS-D-2013-P-D-B02-4-R-02,00:05:35.738,STT_CS
STT_CS-D-2013-P-D-B03-2-R-01a,00:01:16.781,STT_CS
STT_CS-D-2013-P-D-B03-2-R-01b,00:00:44.904,STT_CS
STT_CS-D-2013-P-D-B03-2-R-03,00:17:31.423,STT_CS
STT_CS-D-2013-P-D-B03-4-R-01,00:01:14.673,STT_CS
STT_CS-D-2013-P-D-B04-4-R-01a,00:01:44.542,STT_CS
STT_CS-D-2013-P-D-B04-4-R-01b,00:06:16.947,STT_CS
STT_CS-D-2013-P-D-B04-4-R-02,00:14:28.157,STT_CS
STT_CS-D-2013-P-D-B04-4-R-03,00:05:16.223,STT_CS
STT_CS-D-2013-P-D-B04-4-R-04,00:00:37.901,STT_CS
STT_CS-D-2013-P-D-B04-4-R-05,00:06:37.513,STT_CS
STT_CS-D-2013-P-D-B04-4-R-06a,00:04:02.848,STT_CS
STT_CS-D-2013-P-D-B04-4-R-06b,00:04:07.437,STT_CS
STT_CS-D-2013-P-D-B04-4-R-07,00:09:33.024,STT_CS
STT_CS-D-2013-P-D-B04-4-R-08,00:17:03.157,STT_CS
STT_CS-D-2013-P-D-B04-6-R-01,00:18:37.020,STT_CS
STT_CS-D-2013-P-D-B05-3-R-01,00:05:19.421,STT_CS
STT_CS-D-2013-P-D-B06-4-R-01a,00:00:55.467,STT_CS
STT_CS-D-2013-P-D-B06-4-R-01b,00:01:06.370,STT_CS
STT_CS-D-2013-P-D-B06-4-R-01c,00:00:34.341,STT_CS
STT_CS-D-2013-P-D-B06-5-R-01,00:05:29.301,STT_CS
STT_CS-D-2013-P-D-G01-2-N-01,00:09:07.261,STT_CS
STT_CS-D-2013-P-D-G03-3-N-01,00:02:24.196,STT_CS
STT_CS-D-2013-P-D-G03-3-N-02,00:14:31.156,STT_CS
STT_CS-D-2013_2011-M_M-D_D-G02_G01-0_0-L_L-01,00:17:10.626,STT_CS
STT_CS-D-2013_2011-M_M-D_D-G02_G02-1_1-L_L-01,00:09:43.815,STT_CS
STT_CS-D-2013_2011-M_M-D_D-G02_G02-2_2-L_L-02,00:01:20.468,STT_CS
STT_CS-D-2013_2011-M_M-G02_G02-2_2-L_L-02,00:09:43.815,STT_CS
STT_CS-D-2013_2012-M_M-D_D-B01_B02-4_4-R_R-01,00:24:58.869,STT_CS
STT_CS-D-2014-M-D-B01-3-R-01a,00:02:47.233,STT_CS
STT_CS-D-2014-M-D-B01-3-R-01b,00:04:30.726,STT_CS
STT_CS-D-2014-M-D-B01-3-R-02a,00:01:42.515,STT_CS
STT_CS-D-2014-M-D-B01-3-R-02b,00:02:18.780,STT_CS
STT_CS-D-2014-M-D-B01-3-R-03,00:09:09.217,STT_CS
STT_CS-D-2014-M-D-B01-3-R-04,00:07:39.778,STT_CS
STT_CS-D-2014-M-D-B01-3-R-05,00:04:35.000,STT_CS
STT_CS-D-2014-M-D-B01-3-R-06,00:15:48.290,STT_CS
STT_CS-D-2014-M-D-B01-3-R-07,00:12:22.893,STT_CS
STT_CS-D-2014-M-D-B01-3-T-01,00:08:10.598,STT_CS
STT_CS-D-2014-M-D-B01-4-R-01,00:02:00.758,STT_CS
STT_CS-D-2014-M-D-B01-4-R-02,00:15:45.010,STT_CS
STT_CS-D-2014-M-D-B02-2-R-01,00:09:18.657,STT_CS
STT_CS-D-2014-M-D-B02-2-R-02,00:11:54.912,STT_CS
STT_CS-D-2014-M-D-B02-3-R-01,00:04:36.619,STT_CS
STT_CS-D-2014-M-D-B02-3-R-02,00:02:52.914,STT_CS
STT_CS-D-2014-M-D-B02-3-T-01,00:18:15.948,STT_CS
STT_CS-D-2014-M-D-B02-4-R-01,00:08:28.207,STT_CS
STT_CS-D-2014-M-D-B02-4-R-02,00:12:42.282,STT_CS
STT_CS-D-2014-M-D-B02-4-R-05,00:14:13.064,STT_CS
STT_CS-D-2014-M-D-B03-3-R-01,00:13:46.522,STT_CS
STT_CS-D-2014-M-D-B03-3-R-02,00:17:41.929,STT_CS
STT_CS-D-2014-M-D-B03-3-R-03a,00:00:59.434,STT_CS
STT_CS-D-2014-M-D-B03-3-R-03b,00:01:54.431,STT_CS
STT_CS-D-2014-M-D-B03-3-R-05,00:05:57.978,STT_CS
STT_CS-D-2014-M-D-B03-4-R-01,00:14:38.156,STT_CS
STT_CS-D-2014-M-D-B04-2-T-01,00:09:33.837,STT_CS
STT_CS-D-2014-M-D-B04-2-T-02,00:12:01.413,STT_CS
STT_CS-D-2014-M-D-B04-2-T-03,00:12:13.326,STT_CS
STT_CS-D-2014-M-D-B04-3-R-04,00:12:19.990,STT_CS
STT_CS-D-2014-M-D-B04-4-R-01,00:12:54.926,STT_CS
STT_CS-D-2014-M-D-B04-4-R-02,00:19:19.495,STT_CS
STT_CS-D-2014-M-D-B04-4-R-03,00:03:47.766,STT_CS
STT_CS-D-2014-M-D-B04-4-R-04,00:14:18.114,STT_CS
STT_CS-D-2014-M-D-B05-2-R-01a,00:01:43.004,STT_CS
STT_CS-D-2014-M-D-B05-2-R-01b,00:00:57.741,STT_CS
STT_CS-D-2014-M-D-B05-2-R-01c,00:01:26.005,STT_CS
STT_CS-D-2014-M-D-B05-3-R-01,00:07:05.572,STT_CS
STT_CS-D-2014-M-D-B05-3-R-02,00:04:07.033,STT_CS
STT_CS-D-2014-M-D-B05-3-R-03,00:00:48.295,STT_CS
STT_CS-D-2014-M-D-B05-3-R-04,00:02:18.796,STT_CS
STT_CS-D-2014-M-D-B05-3-T-02,00:31:44.079,STT_CS
STT_CS-D-2014-M-D-B05-4-R-01,00:14:54.235,STT_CS
STT_CS-D-2014-M-D-B06-4-R-01,00:14:14.481,STT_CS
STT_CS-D-2014-M-D-B07-4-01,00:06:02.336,STT_CS
STT_CS-D-2014-M-D-G04-1-L-01,00:00:46.019,STT_CS
STT_CS-D-2014-MD-B02-3-R-04,00:08:46.258,STT_CS
STT_CS-D-2014-P-D-B01-0-R-01,00:01:58.701,STT_CS
STT_CS-D-2014-P-D-B01-0-R-03,00:03:02.545,STT_CS
STT_CS-D-2014-P-D-B01-4-R-01,00:13:22.773,STT_CS
STT_CS-D-2014-P-D-B01-4-R-01-a,00:01:33.706,STT_CS
STT_CS-D-2014-P-D-B01-4-R-01-b,00:02:20.113,STT_CS
STT_CS-D-2014-P-D-B01-4-R-01-c,00:02:18.830,STT_CS
STT_CS-D-2014-P-D-B01-4-R-01-d,00:01:37.926,STT_CS
STT_CS-D-2014-P-D-B01-4-R-04,00:13:51.121,STT_CS
STT_CS-D-2014-P-D-B02-0-R-03,00:02:24.710,STT_CS
STT_CS-D-2014-P-D-B02-2-R-01a,00:00:48.769,STT_CS
STT_CS-D-2014-P-D-B02-2-R-01b,00:01:14.623,STT_CS
STT_CS-D-2014-P-D-B02-2-R-02,00:01:36.157,STT_CS
STT_CS-D-2014-P-D-B02-2-R-03,00:04:22.881,STT_CS
STT_CS-D-2014-P-D-B02-2-R-05,00:08:19.010,STT_CS
STT_CS-D-2014-P-D-B02-3-R-01,00:05:01.369,STT_CS
STT_CS-D-2014-P-D-B02-3-R-02,00:08:25.970,STT_CS
STT_CS-D-2014-P-D-B02-4-R-01,00:06:03.286,STT_CS
STT_CS-D-2014-P-D-B02-4-R-02,00:03:48.335,STT_CS
STT_CS-D-2014-P-D-B02-4-R-03,00:07:06.566,STT_CS
STT_CS-D-2014-P-D-B03-2-R-01,00:01:09.171,STT_CS
STT_CS-D-2014-P-D-B03-2-R-02,00:00:16.774,STT_CS
STT_CS-D-2014-P-D-B03-3-R-01,00:11:04.504,STT_CS
STT_CS-D-2014-P-D-B03-4-R-01,00:05:41.532,STT_CS
STT_CS-D-2014-P-D-B03-4-R-02,00:25:35.866,STT_CS
STT_CS-D-2014-P-D-B04-2-R-01,00:11:02.934,STT_CS
STT_CS-D-2014-P-D-B04-3-R-01a,00:11:00.997,STT_CS
STT_CS-D-2014-P-D-B04-3-R-01b,00:08:33.345,STT_CS
STT_CS-D-2014-P-D-B04-4-R-01,00:06:03.204,STT_CS
STT_CS-D-2014-P-D-B05-3-T-01,00:11:53.948,STT_CS
STT_CS-D-2014-P-D-B05-4-R-01,00:00:58.624,STT_CS
STT_CS-D-2014-P-D-G03-3-N-01,00:14:24.751,STT_CS
STT_CS-D-2014-P-D-G03-3-N-02,00:04:56.276,STT_CS
STT_CS-D-2014_2015-M_M-D_D-B03_B03-3_3-R_R-01,00:07:40.338,STT_CS
STT_CS-D-2015-M-D-B01-0-R-01,00:04:47.165,STT_CS
STT_CS-D-2015-M-D-B01-0-R-03,00:01:14.125,STT_CS
STT_CS-D-2015-M-D-B01-1-R-01,00:02:25.142,STT_CS
STT_CS-D-2015-M-D-B01-1-R-02,00:07:01.382,STT_CS
STT_CS-D-2015-M-D-B01-2-R-01,00:24:07.589,STT_CS
STT_CS-D-2015-M-D-B01-2-R-02,00:05:30.408,STT_CS
STT_CS-D-2015-M-D-B01-2-R-03,00:02:43.893,STT_CS
STT_CS-D-2015-M-D-B01-2-R-04,00:09:35.145,STT_CS
STT_CS-D-2015-M-D-B01-2-R-05,00:01:55.100,STT_CS
STT_CS-D-2015-M-D-B01-3-R-04,00:10:07.997,STT_CS
STT_CS-D-2015-M-D-B01-3-R-05,00:09:24.627,STT_CS
STT_CS-D-2015-M-D-B01-3-R-07,00:11:41.080,STT_CS
STT_CS-D-2015-M-D-B02-0-R-04,00:00:53.866,STT_CS
STT_CS-D-2015-M-D-B02-1-R-02,00:02:30.185,STT_CS
STT_CS-D-2015-M-D-B02-1-R-03,00:02:43.758,STT_CS
STT_CS-D-2015-M-D-B02-1-R-05,00:10:03.806,STT_CS
STT_CS-D-2015-M-D-B02-2-R-01,00:10:14.823,STT_CS
STT_CS-D-2015-M-D-B02-2-R-02,00:06:36.913,STT_CS
STT_CS-D-2015-M-D-B02-2-R-03,00:10:36.411,STT_CS
STT_CS-D-2015-M-D-B02-2-R-04,00:07:46.647,STT_CS
STT_CS-D-2015-M-D-B02-2-R-05,00:10:33.033,STT_CS
STT_CS-D-2015-M-D-B02-2-R-06,00:03:30.928,STT_CS
STT_CS-D-2015-M-D-B02-2-R-07,00:03:49.179,STT_CS
STT_CS-D-2015-M-D-B02-2-R-08,00:19:01.150,STT_CS
STT_CS-D-2015-M-D-B02-2-R-09,00:02:20.532,STT_CS
STT_CS-D-2015-M-D-B02-2-R-10,00:12:40.156,STT_CS
STT_CS-D-2015-M-D-B02-3-R-01a,00:01:14.186,STT_CS
STT_CS-D-2015-M-D-B02-3-R-01b,00:01:04.345,STT_CS
STT_CS-D-2015-M-D-B02-3-R-01c,00:00:03.595,STT_CS
STT_CS-D-2015-M-D-B02-3-R-01d,00:00:56.262,STT_CS
STT_CS-D-2015-M-D-B02-3-R-02,00:09:24.627,STT_CS
STT_CS-D-2015-M-D-B02-3-R-03,00:07:40.369,STT_CS
STT_CS-D-2015-M-D-B02-3-R-04,00:04:08.269,STT_CS
STT_CS-D-2015-M-D-B02-3-R-05,00:06:46.568,STT_CS
STT_CS-D-2015-M-D-B02-3-R-06,00:13:28.318,STT_CS
STT_CS-D-2015-M-D-B02-3-R-07,00:07:33.353,STT_CS
STT_CS-D-2015-M-D-B02-3-R-08,00:18:47.647,STT_CS
STT_CS-D-2015-M-D-B02-4-R-01,00:13:28.721,STT_CS
STT_CS-D-2015-M-D-B03-1-R-03,00:05:48.154,STT_CS
STT_CS-D-2015-M-D-B03-1-R-05,00:02:49.529,STT_CS
STT_CS-D-2015-M-D-B03-2-R-01a,00:01:12.226,STT_CS
STT_CS-D-2015-M-D-B03-2-R-01b,00:00:51.874,STT_CS
STT_CS-D-2015-M-D-B03-2-R-02,00:12:09.878,STT_CS
STT_CS-D-2015-M-D-B03-2-R-03,00:03:49.223,STT_CS
STT_CS-D-2015-M-D-B03-3-R-01a,00:00:47.209,STT_CS
STT_CS-D-2015-M-D-B03-3-R-01b,00:00:38.070,STT_CS
STT_CS-D-2015-M-D-B03-3-R-02,00:07:52.635,STT_CS
STT_CS-D-2015-M-D-B03-3-R-03,00:08:23.372,STT_CS
STT_CS-D-2015-M-D-B03-3-R-04,00:15:10.306,STT_CS
STT_CS-D-2015-M-D-B03-3-R-05,00:10:06.975,STT_CS
STT_CS-D-2015-M-D-B03-3-R-07,00:05:37.668,STT_CS
STT_CS-D-2015-M-D-B03-3-R-08,00:08:37.492,STT_CS
STT_CS-D-2015-M-D-B03-3-R-4,00:11:13.406,STT_CS
STT_CS-D-2015-M-D-B03-4-R-01,00:08:01.352,STT_CS
STT_CS-D-2015-M-D-B04-3-R-04,00:02:32.835,STT_CS
STT_CS-D-2015-M-D-B04-3-R-06,00:05:09.875,STT_CS
STT_CS-D-2015-M-D-B04-4-R-01,00:15:56.870,STT_CS
STT_CS-D-2015-M-D-B05-2-R-01C,00:01:57.383,STT_CS
STT_CS-D-2015-M-D-B05-2-R-01a,00:01:15.751,STT_CS
STT_CS-D-2015-M-D-B05-2-R-01b,00:00:46.103,STT_CS
STT_CS-D-2015-M-D-B05-2-R-02a,00:01:15.161,STT_CS
STT_CS-D-2015-M-D-B05-2-R-02b,00:01:53.585,STT_CS
STT_CS-D-2015-M-D-B05-2-R-03a,00:01:07.736,STT_CS
STT_CS-D-2015-M-D-B05-2-R-03b,00:01:34.280,STT_CS
STT_CS-D-2015-M-D-B05-2-R-04,00:05:23.103,STT_CS
STT_CS-D-2015-M-D-B05-2-R-05,00:08:36.858,STT_CS
STT_CS-D-2015-M-D-B05-3-R-05,00:09:02.181,STT_CS
STT_CS-D-2015-M-D-B06-3-R-01,00:16:28.549,STT_CS
STT_CS-D-2015-M-D-B07-4-R-01,00:08:30.798,STT_CS
STT_CS-D-2015-M-D-B08-3-R-01a,00:03:29.976,STT_CS
STT_CS-D-2015-M-D-B08-3-R-01b,00:05:28.463,STT_CS
STT_CS-D-2015-M-D-G02-0-L-01,00:06:50.161,STT_CS
STT_CS-D-2015-M_D-B01-3-Y-01,00:06:07.279,STT_CS
STT_CS-D-2015-P-D-B01-0-R-01,00:01:58.059,STT_CS
STT_CS-D-2015-P-D-B01-2-R-01,00:05:18.263,STT_CS
STT_CS-D-2015-P-D-B01-2-R-03,00:05:17.516,STT_CS
STT_CS-D-2015-P-D-B01-3-R-01,00:05:31.041,STT_CS
STT_CS-D-2015-P-D-B02-0-R-01,00:29:15.482,STT_CS
STT_CS-D-2015-P-D-B02-1-R-01,00:06:15.256,STT_CS
STT_CS-D-2015-P-D-B02-2-R-01,00:16:32.190,STT_CS
STT_CS-D-2015-P-D-B02-2-R-02,00:16:57.927,STT_CS
STT_CS-D-2015-P-D-B02-2-R-03,00:04:34.977,STT_CS
STT_CS-D-2015-P-D-B02-2-R-04,00:18:59.869,STT_CS
STT_CS-D-2015-P-D-B02-2-R-05,00:23:31.057,STT_CS
STT_CS-D-2015-P-D-B02-2-R-06,00:03:43.230,STT_CS
STT_CS-D-2015-P-D-B02-2-R-07,00:08:39.648,STT_CS
STT_CS-D-2015-P-D-B02-2-R-08,00:15:32.738,STT_CS
STT_CS-D-2015-P-D-B02-2-R-09,00:20:49.861,STT_CS
STT_CS-D-2015-P-D-B02-3-R-01,00:15:05.053,STT_CS
STT_CS-D-2015-P-D-B02-4-R-01,00:02:02.981,STT_CS
STT_CS-D-2015-P-D-B03-1-R-01,00:07:38.756,STT_CS
STT_CS-D-2015-P-D-B03-2-R-01,00:01:58.292,STT_CS
STT_CS-D-2015-P-D-B03-2-R-02,00:05:05.611,STT_CS
STT_CS-D-2015-P-D-B03-3-R-01,00:06:28.597,STT_CS
STT_CS-D-2015-P-D-B03-3-R-02,00:07:57.729,STT_CS
STT_CS-D-2015-P-D-B03-3-R-04,00:00:30.355,STT_CS
STT_CS-D-2015-P-D-B03-3-R-05,00:02:51.620,STT_CS
STT_CS-D-2015-P-D-B03-3-R-06,00:04:55.593,STT_CS
STT_CS-D-2015-P-D-B03-4-R-01,00:05:07.361,STT_CS
STT_CS-D-2015-P-D-B04-2-R-03,00:00:48.069,STT_CS
STT_CS-D-2015-P-D-B05-1-R-01,00:12:35.610,STT_CS
STT_CS-D-2015-P-D-B05-2-R-01,00:04:44.643,STT_CS
STT_CS-D-2015-P-D-B05-2-R-02,00:04:26.361,STT_CS
STT_CS-D-2015-P-D-B05-2-R-03,00:03:24.823,STT_CS
STT_CS-D-2015-P-D-B06-2-R-01,00:06:57.144,STT_CS
STT_CS-D-2015-P-D-B06-2-R-02,00:03:19.914,STT_CS
STT_CS-D-2015-P-D-B06-3-R-01,00:12:40.475,STT_CS
STT_CS-D-2015-P-D-B06-3-R-02,00:26:22.921,STT_CS
STT_CS-D-2015-P-D-B06-3-R-03,00:13:13.122,STT_CS
STT_CS-D-2015-P-D-B06-3-R-04,00:12:41.274,STT_CS
STT_CS-D-2015-P-D-B06-4-R-01a,00:01:49.471,STT_CS
STT_CS-D-2015-P-D-B06-4-R-01b,00:04:03.070,STT_CS
STT_CS-D-2015-P-D-B07-4-R-01,00:07:45.231,STT_CS
STT_CS-D-2015-P-D-B08-4-R-01,00:06:02.641,STT_CS
STT_CS-D-2015-P-D-G02-3-N-01,00:06:29.531,STT_CS
STT_CS-D-2015-P-D-G03-2-N-01,00:10:00.723,STT_CS
STT_CS-D-2015_2011-P_P-D_D-B06_B06-4_4-R_R-02,00:02:54.579,STT_CS
STT_CS-D-2015_2013-P_P-D_D-B02_B02-2_5-R_R-01,00:05:02.028,STT_CS
STT_CS-D-2015_2015-M_M-D_D-B01_B01-3_3-R_R-01,00:11:51.113,STT_CS
STT_CS-D-2015_2015-M_M-D_D-B02_B01-3_3-R_R-01,00:02:49.302,STT_CS
STT_CS-D-2015_2015-M_M-D_D-B05_B05-2_2-R_R-01,00:03:09.395,STT_CS
STT_CS-D-2015_2015-P_P-D_D-B02_B01-2_2-R_R-01,00:06:57.398,STT_CS
STT_CS-D-2015_2016-M_M-D_D-B02_B02-3_3-R_R-01,00:02:33.227,STT_CS
STT_CS-D-2016-M-D-B01-1-R-02,00:01:20.105,STT_CS
STT_CS-D-2016-M-D-B01-2-R-01,00:09:01.116,STT_CS
STT_CS-D-2016-M-D-B01-2-R-02,00:10:56.851,STT_CS
STT_CS-D-2016-M-D-B01-2-R-03,00:05:30.554,STT_CS
STT_CS-D-2016-M-D-B01-2-R-04,00:06:50.516,STT_CS
STT_CS-D-2016-M-D-B02-1-R-01,00:02:59.012,STT_CS
STT_CS-D-2016-M-D-B02-2-R-01,00:12:24.752,STT_CS
STT_CS-D-2016-M-D-B02-2-R-02,00:06:40.843,STT_CS
STT_CS-D-2016-M-D-B02-2-R-03,00:05:46.578,STT_CS
STT_CS-D-2016-M-D-B02-2-R-04,00:04:55.710,STT_CS
STT_CS-D-2016-M-D-B02-2-R-05,00:11:12.835,STT_CS
STT_CS-D-2016-M-D-B02-2-R-06,00:27:28.304,STT_CS
STT_CS-D-2016-M-D-B02-2-R-07,00:10:53.362,STT_CS
STT_CS-D-2016-M-D-B02-2-R-08,00:13:50.634,STT_CS
STT_CS-D-2016-M-D-B02-2-R-09,00:14:51.166,STT_CS
STT_CS-D-2016-M-D-B02-2-R-10,00:09:39.036,STT_CS
STT_CS-D-2016-M-D-B02-2-R-11,00:04:04.409,STT_CS
STT_CS-D-2016-M-D-B02-2-R-12,00:12:15.532,STT_CS
STT_CS-D-2016-M-D-B02-2-R-13,00:13:04.481,STT_CS
STT_CS-D-2016-M-D-B02-2-R-14,00:06:53.823,STT_CS
STT_CS-D-2016-M-D-B02-2-R-15,00:01:53.475,STT_CS
STT_CS-D-2016-M-D-B02-2-R-16,00:04:24.332,STT_CS
STT_CS-D-2016-M-D-B02-2-R-18,00:05:06.379,STT_CS
STT_CS-D-2016-M-D-B02-2-R-5,00:05:40.673,STT_CS
STT_CS-D-2016-M-D-B03-1-R-03,00:07:00.939,STT_CS
STT_CS-D-2016-M-D-B03-2-R-01,00:07:41.827,STT_CS
STT_CS-D-2016-M-D-B03-2-R-03,00:06:35.130,STT_CS
STT_CS-D-2016-M-D-B03-3-R-06,00:03:08.969,STT_CS
STT_CS-D-2016-M-D-B04-1-R-01a,00:00:35.471,STT_CS
STT_CS-D-2016-M-D-B04-1-R-01b,00:00:38.374,STT_CS
STT_CS-D-2016-M-D-B04-1-R-02,00:01:01.461,STT_CS
STT_CS-D-2016-M-D-B04-1-R-03a,00:00:42.576,STT_CS
STT_CS-D-2016-M-D-B04-1-R-03b,00:01:13.929,STT_CS
STT_CS-D-2016-M-D-B04-1-R-03c,00:02:21.278,STT_CS
STT_CS-D-2016-M-D-B04-1-R-04,00:01:48.541,STT_CS
STT_CS-D-2016-M-D-B04-1-R-05,00:07:00.427,STT_CS
STT_CS-D-2016-M-D-B04-1-R-06,00:05:50.662,STT_CS
STT_CS-D-2016-M-D-B04-1-R-07,00:01:57.774,STT_CS
STT_CS-D-2016-M-D-B04-1-R-09,00:22:01.287,STT_CS
STT_CS-D-2016-M-D-B04-1-R-11,00:08:34.994,STT_CS
STT_CS-D-2016-M-D-B04-1-R-3,00:06:50.678,STT_CS
STT_CS-D-2016-M-D-B04-2-R-01,00:15:03.898,STT_CS
STT_CS-D-2016-M-D-B04-2-R-02,00:05:22.791,STT_CS
STT_CS-D-2016-M-D-B04-2-R-03,00:04:33.782,STT_CS
STT_CS-D-2016-M-D-B05-2-R-01,00:08:33.824,STT_CS
STT_CS-D-2016-M-D-B05-2-R-02,00:06:44.200,STT_CS
STT_CS-D-2016-M-D-B05-2-R-03,00:05:55.917,STT_CS
STT_CS-D-2016-M-D-B05-2-R-04,00:03:03.412,STT_CS
STT_CS-D-2016-M-D-B05-2-R-05,00:02:48.851,STT_CS
STT_CS-D-2016-M-D-B06-1-R-03,00:04:25.011,STT_CS
STT_CS-D-2016-M-D-B06-1-R-04,00:02:20.820,STT_CS
STT_CS-D-2016-P-D-B01-0-R-04,00:02:52.255,STT_CS
STT_CS-D-2016-P-D-B01-1-R-01,00:08:13.109,STT_CS
STT_CS-D-2016-P-D-B01-1-R-02,00:14:17.562,STT_CS
STT_CS-D-2016-P-D-B01-2-R-01,00:06:54.352,STT_CS
STT_CS-D-2016-P-D-B01-2-R-02,00:07:00.191,STT_CS
STT_CS-D-2016-P-D-B01-2-R-03,00:09:39.378,STT_CS
STT_CS-D-2016-P-D-B02-0-R-02,00:02:01.814,STT_CS
STT_CS-D-2016-P-D-B02-1-R-02,00:12:39.865,STT_CS
STT_CS-D-2016-P-D-B02-1-R-03,00:18:51.488,STT_CS
STT_CS-D-2016-P-D-B02-2-R-01,00:07:23.829,STT_CS
STT_CS-D-2016-P-D-B02-2-R-02,00:08:13.560,STT_CS
STT_CS-D-2016-P-D-B02-2-R-03,00:03:10.703,STT_CS
STT_CS-D-2016-P-D-B02-2-R-04,00:10:30.320,STT_CS
STT_CS-D-2016-P-D-B02-2-R-05,00:05:55.948,STT_CS
STT_CS-D-2016-P-D-B02-2-R-06,00:14:04.780,STT_CS
STT_CS-D-2016-P-D-B02-2-R-07,00:18:32.802,STT_CS
STT_CS-D-2016-P-D-B02-2-R-08,00:15:01.801,STT_CS
STT_CS-D-2016-P-D-B02-2-R-09,00:02:06.709,STT_CS
STT_CS-D-2016-P-D-B02-2-R-10,00:12:43.330,STT_CS
STT_CS-D-2016-P-D-B02-2-R-11,00:12:31.799,STT_CS
STT_CS-D-2016-P-D-B02-2-R-12,00:13:43.618,STT_CS
STT_CS-D-2016-P-D-B02-2-R-13,00:17:46.705,STT_CS
STT_CS-D-2016-P-D-B03-1-R-01,00:03:24.813,STT_CS
STT_CS-D-2016-P-D-B03-2-R-01,00:11:46.525,STT_CS
STT_CS-D-2016-P-D-B03-2-R-02,00:09:09.400,STT_CS
STT_CS-D-2016-P-D-B04-1-R-01,00:10:55.554,STT_CS
STT_CS-D-2016-P-D-B04-2-R-01,00:02:53.578,STT_CS
STT_CS-D-2016-P-D-B05-2-B-01a,00:08:01.865,STT_CS
STT_CS-D-2016-P-D-B05-2-B-01b,00:02:19.877,STT_CS
STT_CS-D-2016-P-D-B05-2-B-01c,00:07:27.004,STT_CS
STT_CS-D-2016-P-D-B05-2-B-01d,00:01:07.719,STT_CS
STT_CS-D-2016-P-D-B05-2-B-01e,00:06:13.208,STT_CS
STT_CS-D-2016-P-D-B05-2-B-01f,00:01:47.054,STT_CS
STT_CS-D-2016-P-D-B05-2-R-01,00:11:02.387,STT_CS
STT_CS-D-2016-P-D-B05-2-R-02,00:11:54.432,STT_CS
STT_CS-D-2016-P-D-B05-2-R-03,00:14:52.736,STT_CS
STT_CS-D-2016-P-D-B06-3-R-01b,00:01:00.575,STT_CS
STT_CS-D-2016_2016-M_M-D_D-B04_B03-2_2-R_R-02,00:12:31.417,STT_CS
STT_CS-D-2017-M-D-B01-0-R-01,00:01:54.827,STT_CS
STT_CS-D-2017-M-D-B01-1-R-01,00:06:11.201,STT_CS
STT_CS-D-2017-M-D-B01-1-R-02,00:01:00.413,STT_CS
STT_CS-D-2017-M-D-B01-1-R-03,00:01:28.594,STT_CS
STT_CS-D-2017-M-D-B01-1-R-04,00:01:03.669,STT_CS
STT_CS-D-2017-M-D-B01-1-R-05,00:09:08.542,STT_CS
STT_CS-D-2017-M-D-B01-1-R-06,00:01:52.473,STT_CS
STT_CS-D-2017-M-D-B01-1-R-07,00:09:11.591,STT_CS
STT_CS-D-2017-M-D-B02-1-R-01,00:06:27.010,STT_CS
STT_CS-D-2017-M-D-B02-1-R-03,00:06:27.111,STT_CS
STT_CS-D-2017-M-D-B02-2-R-05,00:05:01.384,STT_CS
STT_CS-D-2017-M-D-B03-1-R-01,00:20:39.174,STT_CS
STT_CS-D-2017-M-D-B03-1-R-02,00:11:23.949,STT_CS
STT_CS-D-2017-M-D-B04-1-R-01,00:07:43.923,STT_CS
STT_CS-D-2017-M-D-B04-1-R-02,00:01:04.867,STT_CS
STT_CS-D-2017-M-D-B04-1-R-03,00:06:16.787,STT_CS
STT_CS-D-2017-M-D-B04-1-R-04,00:11:47.754,STT_CS
STT_CS-D-2017-M-D-B04-1-R-05,00:08:26.057,STT_CS
STT_CS-D-2017-M-D-B04-1-R-06,00:11:50.747,STT_CS
STT_CS-D-2017-M-D-B04-1-R-07,00:01:31.951,STT_CS
STT_CS-D-2017-M-D-B04-1-R-08,00:06:40.081,STT_CS
STT_CS-D-2017-M-D-B04-1-R-10,00:08:07.986,STT_CS
STT_CS-D-2017-P-D-B01-0-R-01,00:01:41.940,STT_CS
STT_CS-D-2017-P-D-B01-0-R-02,00:01:51.961,STT_CS
STT_CS-D-2017-P-D-B01-1-R-01,00:12:28.223,STT_CS
STT_CS-D-2017-P-D-B01-1-R-02,00:05:16.320,STT_CS
STT_CS-D-2017-P-D-B01-1-R-03,00:16:38.858,STT_CS
STT_CS-D-2017-P-D-B01-1-R-04,00:23:07.090,STT_CS
STT_CS-D-2017-P-D-B01-1-R-05,00:07:36.437,STT_CS
STT_CS-D-2017-P-D-B01-1-R-06,00:01:58.177,STT_CS
STT_CS-D-2017-P-D-B01-1-R-07,00:05:52.359,STT_CS
STT_CS-D-2017-P-D-B01-1-R-08,00:03:23.796,STT_CS
STT_CS-D-2017-P-D-B01-1-R-09,00:34:25.037,STT_CS
STT_CS-D-2017-P-D-B02-0-R-01,00:03:27.791,STT_CS
STT_CS-D-2017-P-D-B02-0-Y-01,00:01:09.828,STT_CS
STT_CS-D-2017-P-D-B02-0-Y-02,00:01:41.974,STT_CS
STT_CS-D-2017-P-D-B02-1-R-01,00:06:46.127,STT_CS
STT_CS-D-2017-P-D-B03-1-R-02,00:03:02.858,STT_CS
STT_CS-D-2017-P-D-B04-1-R-01,00:03:51.904,STT_CS
STT_CS-D-2017-P-D-B07-1-R-01,00:03:46.623,STT_CS
STT_CS-D-2017_2012-M_M-D_D-G02_G01-0_0-L_L-01,00:08:35.246,STT_CS
STT_CS-D-2018-M-D-B01-0-R-01,00:01:08.148,STT_CS
STT_CS-D-2018-M-D-B01-0-Y-02,00:01:13.669,STT_CS
STT_CS-D-2018-M-D-B01-1-R-01,00:03:25.895,STT_CS
STT_CS-D-2018-M-D-B01-1-R-02,00:08:49.725,STT_CS
STT_CS-D-2018-M-D-B01-1-R-03,00:08:51.981,STT_CS
STT_CS-D-2018-M-D-B01-1-R-04,00:09:25.219,STT_CS
STT_CS-D-2018-M-D-B02-0-R-01,00:00:14.108,STT_CS
STT_CS-D-2018-M-D-B02-0-R-02,00:02:49.008,STT_CS
STT_CS-D-2018-M-D-B02-0-Y-01,00:01:28.195,STT_CS
STT_CS-D-2018-M-D-B02-2-R-01,00:04:25.162,STT_CS
STT_CS-D-2018-M-D-B03-0-Y-02,00:01:13.197,STT_CS
STT_CS-D-2018-M-D-B03-0-Y-03,00:00:52.482,STT_CS
STT_CS-D-2018-M-D-B03-1-R-02,00:03:23.218,STT_CS
STT_CS-D-2018-M-D-B03-1-R-03,00:08:02.063,STT_CS
STT_CS-D-2018-M-D-B04-1-R-01,00:02:43.699,STT_CS
STT_CS-D-2018-M-D-B04-1-R-11,00:03:29.121,STT_CS
STT_CS-D-2018-P-D-B01-0-T-01a,00:13:43.881,STT_CS
STT_CS-D-2018-P-D-B01-0-T-01b,00:11:57.507,STT_CS
STT_CS-D-2018-P-D-B01-1-R-01,00:06:55.598,STT_CS
STT_CS-D-2018-P-D-B01-1-R-02a,00:01:40.931,STT_CS
STT_CS-D-2018-P-D-B01-1-R-02b,00:01:06.553,STT_CS
STT_CS-D-2018-P-D-B02-0-R-01,00:00:08.707,STT_CS
STT_CS-D-2018-P-D-B02-0-R-02,00:06:00.043,STT_CS
STT_CS-D-2018-P-D-B03-0-Y-01,00:00:04.185,STT_CS
STT_CS-D-2018-P-D-B03-0-Y-02,00:03:18.823,STT_CS
STT_CS-D-2018-P-D-B03-0-Y-03,00:01:26.958,STT_CS
STT_CS-D-2018-P-D-B04-1-R-01,00:00:52.445,STT_CS
STT_CS-D-2018_2018-M_M-D_D-B04_B01-1_1-R_R-01,00:21:37.550,STT_CS
STT_CS-D-2019-M-D-B01-0-R-01,00:02:27.155,STT_CS
STT_CS-D-2019-M-D-B02-0-R-01,00:04:13.323,STT_CS
STT_CS-D-2019-M-D-B02-0-R-02,00:09:04.064,STT_CS
STT_CS-D-2019-M-D-B02-0-Y-02,00:01:15.588,STT_CS
STT_CS-D-2019-M-D-B03-0-Y-01,00:01:16.848,STT_CS
STT_CS-D-2019-M-D-B04-1-R-01,00:01:12.946,STT_CS
STT_CS-D-2019-P-D-B01-0-R-01,00:01:04.767,STT_CS
STT_CS-D-2019-P-D-B01-0-Y-02,00:01:34.985,STT_CS
STT_CS-D-2019-P-D-B02-0-Y-03,00:00:40.786,STT_CS
STT_CS-L-1990_2001-M_M-D_D-G05_G05-6_6-L_L-01,00:15:08.663,STT_CS
STT_CS-L-1999_2008-M_M-D_D-G05_G05-4_4-L_L-01,00:04:39.686,STT_CS
STT_CS-L-2001_1976-M_M-D_D-G04_G01-4_4-L_L-01,00:07:59.389,STT_CS
STT_CS-L-2001_1999-M_M-D_D-G05_G05-4_4-L_L-01,00:19:35.922,STT_CS
STT_CS-L-2001_2007-M_M-D_D-G05_G05-6_6-L_L-01,00:01:03.131,STT_CS
STT_CS-L-2002_1976-M_M-D_D-G05_G01-4_4-L_L-01,00:02:00.993,STT_CS
STT_CS-L-2005_2008-M_M-D_D-G02_G03-3_3-L_L-01,00:01:32.357,STT_CS
STT_CS-L-2007_2006-M_M-D_D-G03_G03-3_3-L_L-01,00:12:00.121,STT_CS
STT_CS-L-2007_2008-M_M-D_D-B06_B07-6_6-R_R-01,00:03:37.270,STT_CS
STT_CS-L-2008_1990-M_M-D_D-G05_G05-4_4-L_L-01,00:13:57.275,STT_CS
STT_CS-L-2008_1999-M_M-D_D-G05_G05-6_6-L_L-01,00:11:21.936,STT_CS
STT_CS-L-2008_2008-M_M-D_D-G03_G03-3_3-L_L-01,00:12:00.121,STT_CS
STT_CS-L-2008_2008-P_P-D_D-G08_G02-6_6-N_N-01,00:13:58.252,STT_CS
STT_CS-L-2008_2010-P_P-D_D-B01_B01-6_6-R_R-01,00:44:50.318,STT_CS
STT_CS-L-2008_2012-P_M-D_D-B01_B01-0_0-R_R-01a,00:03:15.695,STT_CS
STT_CS-L-2008_2012-P_M-D_D-B01_B01-0_0-R_R-01b,00:03:14.395,STT_CS
STT_CS-L-2009_2008-P_P-D_D-G02_G03-3_6-N_N-01,00:08:57.883,STT_CS
STT_CS-L-2009_2009-M_M-D_D-G02_G02-3_3-L_L-02,00:07:32.369,STT_CS
STT_CS-L-2009_2010-M_M-D_D-G02_G03-2_2-L_L-01,00:08:56.682,STT_CS
STT_CS-L-2009_2010-P_P-D_D-B07_B02-6_6-R_R-01,00:34:37.525,STT_CS
STT_CS-L-2009_2011-M_M-D_D-B00_B00-0_0-R_R-01,00:02:44.980,STT_CS
STT_CS-L-2009_2011-P_P-D_D-B05_B07-6_6-R_R-01,00:01:41.195,STT_CS
STT_CS-L-2009_2011-P_P-D_D-B05_B07-6_6-R_R-02,00:04:02.781,STT_CS
STT_CS-L-2010_2010-M_M-D_D-B03_B01-6_6-R_R-01,00:33:07.195,STT_CS
STT_CS-L-2010_2010-M_M-D_D-B04_B04-6_6-R_R-01,00:35:19.792,STT_CS
STT_CS-L-2010_2010-M_M-D_D-B07_B07-6_6-R_R-01,00:01:44.752,STT_CS
STT_CS-L-2010_2010-M_M-D_D-G02_G02-2_2-L_L-01,00:11:27.441,STT_CS
STT_CS-L-2010_2010-M_M-D_D-G02_G03-2_2-L_L-01,00:03:38.986,STT_CS
STT_CS-L-2010_2010-M_M-D_D-G02_G03-2_2-L_L-02,00:07:16.741,STT_CS
STT_CS-L-2010_2010-M_M-D_D-G03_G02-2_2-L_L-01,00:11:02.228,STT_CS
STT_CS-L-2010_2010-M_M-D_D-G03_G02-2_2-L_L-02,00:16:13.252,STT_CS
STT_CS-L-2010_2010-M_M-G02_G02-2_2-L_L-02,00:11:27.441,STT_CS
STT_CS-L-2010_2010-P_P-D_D-B01_B01-6_6-R_R-01,00:04:08.522,STT_CS
STT_CS-L-2010_2010-P_P-D_D-B07_B03-6_6-R_R-01,00:21:36.433,STT_CS
STT_CS-L-2010_2010-P_P-D_D-B07_B07-6_6-R_R-01,00:09:32.487,STT_CS
STT_CS-L-2010_2010-P_P-D_D-B09_B07-6_6-R_R-01,00:16:15.411,STT_CS
STT_CS-L-2010_2010_2013-M_M_M-D_D_D-G02_G02_G02-2_2_2-L_L_L-01,00:05:24.322,STT_CS
STT_CS-L-2010_2011-M_M-D_D-B04_B01-6_6-R_R-01,00:41:33.749,STT_CS
STT_CS-L-2010_2011-M_M-D_D-B06_B06-6_6-R_R-01a,00:24:29.008,STT_CS
STT_CS-L-2010_2011-M_M-D_D-B06_B06-6_6-R_R-01b,00:24:16.357,STT_CS
STT_CS-L-2010_2011-M_M-D_D-B09_B04-6_6-R_R-02,00:17:21.170,STT_CS
STT_CS-L-2010_2011-M_M-D_D-G02_G01-2_2-L_L-01,00:01:56.283,STT_CS
STT_CS-L-2010_2011-M_M-D_D-G02_G02-2_2-L_L-01,00:01:06.605,STT_CS
STT_CS-L-2010_2011-P_P-D_D-B05_B05-6_6-R_R-01,00:00:09.877,STT_CS
STT_CS-L-2010_2012-P_P-D_D-B05_B03-5_5-R_R-01,00:02:16.358,STT_CS
STT_CS-L-2010_2012-P_P-D_D-B05_B07-6_6-R_R-01,00:19:11.988,STT_CS
STT_CS-L-2010_2012-P_P-D_D-B06_B03-6_5-R_R-01,00:18:27.134,STT_CS
STT_CS-L-2010_2013-M_M-D_D-G02_G02-2_2-L_L-01,00:14:50.507,STT_CS
STT_CS-L-2010_2013-M_M-D_D-G02_G03-2_2-L_L-01,00:01:48.590,STT_CS
STT_CS-L-2010_2013-P_P-D_D-G05_G04-6_3-N_N-01,00:08:57.093,STT_CS
STT_CS-L-2010_2013_2014-M_M_M-D_D_D-G02_G03_G04-2_1_1-L_L_L-01,00:12:34.494,STT_CS
STT_CS-L-2010_2016-M_M-D_D-G01_G01-1_1-L_L-01,00:09:57.532,STT_CS
STT_CS-L-2010_2017-M_M-D_D-B07_B02-6_1-R_R-01,00:10:26.461,STT_CS
STT_CS-L-2011_2006_2007-M_M_M-D_D_D-G02_G02_G02-3_3_3-L_L_L-01,00:02:06.529,STT_CS
STT_CS-L-2011_2009-M_M-D_D-G04_G02-3_3-L_L-01,00:05:59.700,STT_CS
STT_CS-L-2011_2010-M_M-D_D-B01_B05-6_6-R_R-01,00:15:16.276,STT_CS
STT_CS-L-2011_2010-M_M-D_D-B01_B05-6_6-R_R-02,00:04:03.592,STT_CS
STT_CS-L-2011_2010-M_M-D_D-B01_B05-6_6-R_R-03,00:07:11.350,STT_CS
STT_CS-L-2011_2010-M_M-D_D-B04_B05-4_6-R_R-01,00:01:25.015,STT_CS
STT_CS-L-2011_2010-M_M-D_D-B05_B03-6_6-R_R-01,00:06:30.898,STT_CS
STT_CS-L-2011_2010-M_M-D_D-B06_B05-6_6-R_R-01,00:15:50.642,STT_CS
STT_CS-L-2011_2010-M_M-D_D-G01_G02-2_2-L_L-01,00:11:59.327,STT_CS
STT_CS-L-2011_2010-M_M-D_D-G02_G02-2_2-L_L-01,00:06:46.792,STT_CS
STT_CS-L-2011_2010-M_M-D_D-G02_G03-2_2-L_L-02,00:05:25.204,STT_CS
STT_CS-L-2011_2010-P_P-D_D-B03_B05-5_5-R_R-01,00:00:06.348,STT_CS
STT_CS-L-2011_2010-P_P-D_D-B04_B04-5_5-R_R-01,00:16:03.980,STT_CS
STT_CS-L-2011_2010-P_P-D_D-G03_G05-3_6-N_N-01,00:06:22.584,STT_CS
STT_CS-L-2011_2011-M_M-D_D-B04_B04-4_2-R_R-01,00:04:01.717,STT_CS
STT_CS-L-2011_2011-M_M-D_D-B05_B06-6_6-R_R-01,00:00:11.894,STT_CS
STT_CS-L-2011_2011-M_M-D_D-B07_B05-6_6-R_R-01,00:03:02.906,STT_CS
STT_CS-L-2011_2011-M_M-D_D-B09_B07-6_6-R_R-01,00:05:03.006,STT_CS
STT_CS-L-2011_2011-P_P-D_D-B02_B01-0_0-R_R-01,00:12:28.861,STT_CS
STT_CS-L-2011_2011-P_P-D_D-B04_B01-6_6-R_R-01,00:07:27.870,STT_CS
STT_CS-L-2011_2011-P_P-D_D-B04_B05-5_5-R_R-01,00:27:23.097,STT_CS
STT_CS-L-2011_2011-P_P-D_D-B04_B06-6_6-R_R-01,00:39:29.604,STT_CS
STT_CS-L-2011_2011-P_P-D_D-B04_B06-6_6-R_R-02,00:09:18.290,STT_CS
STT_CS-L-2011_2011-P_P-D_D-B04_B06-6_6-R_R-03,00:12:42.212,STT_CS
STT_CS-L-2011_2011-P_P-D_D-B05_B06-6_6-R_R-01,00:04:15.854,STT_CS
STT_CS-L-2011_2012-M_M-D_D-B01_B01-5_5-R_R-01,00:59:59.319,STT_CS
STT_CS-L-2011_2012-M_M-D_D-B04_B05-4_5-R_R-01,00:07:18.755,STT_CS
STT_CS-L-2011_2012-M_M-D_D-B05_B05-5_5-R_R-01,00:09:51.376,STT_CS
STT_CS-L-2011_2012-M_M-D_D-B06_B09-6_6-R_R-01,00:55:33.325,STT_CS
STT_CS-L-2011_2012-M_M-D_D-B07_B08-6_6-R_R-01,00:35:05.487,STT_CS
STT_CS-L-2011_2012-M_M-D_D-G01_G01-1_2-L_L-01,00:11:54.747,STT_CS
STT_CS-L-2011_2012-M_M-D_D-G02_G01-1_1-L_L-01,00:03:11.245,STT_CS
STT_CS-L-2011_2012-M_P-D_D-B01_B01-2_0-R_R-01,00:11:11.511,STT_CS
STT_CS-L-2011_2012-P_P-D_D-B01_B01-0_0-R_R-01,00:16:20.986,STT_CS
STT_CS-L-2011_2012-P_P-D_D-B03_B01-4_6-R_R-01,00:15:21.584,STT_CS
STT_CS-L-2011_2012-P_P-D_D-B03_B01-6_6-R_R-01,00:37:19.023,STT_CS
STT_CS-L-2011_2012-P_P-D_D-B04_B01-6_6-R_R-01,00:06:15.531,STT_CS
STT_CS-L-2011_2012-P_P-D_D-B04_B02-5_4-R_R-01,00:12:23.081,STT_CS
STT_CS-L-2011_2012-P_P-D_D-B05_B04-5_5-R_R-01b,00:27:44.657,STT_CS
STT_CS-L-2011_2012-P_P-D_D-B06_B06-6_6-R_R-01,00:13:39.522,STT_CS
STT_CS-L-2011_2012-P_P-D_D-G03_G02-3_3-N_N-01,00:13:27.030,STT_CS
STT_CS-L-2011_2012-P_P-D_D-G03_G03-3_3-N_N-02,00:10:11.181,STT_CS
STT_CS-L-2011_2013-M_M-D_D-B01_B01-4_4-R_R-01,00:15:13.341,STT_CS
STT_CS-L-2011_2013-M_M-D_D-B04_B04-4_4-R_R-01,00:00:02.372,STT_CS
STT_CS-L-2011_2013-M_M-D_D-B05_B01-5_5-R_R-01,00:07:57.621,STT_CS
STT_CS-L-2011_2013-M_M-D_D-B05_B05-5_5-R_R-01,00:06:26.692,STT_CS
STT_CS-L-2011_2013-M_M-D_D-G01_G02-1_1-L_L-01,00:16:53.880,STT_CS
STT_CS-L-2011_2013-M_M-D_D-G02_G01-1_1-L_L-01,00:04:55.625,STT_CS
STT_CS-L-2011_2013-M_M-D_D-G02_G02-2_2-L_L-01,00:09:20.871,STT_CS
STT_CS-L-2011_2013-M_M-D_D-G02_G02-2_2-L_L-02,00:22:11.324,STT_CS
STT_CS-L-2011_2013-M_M-D_D-G02_G03-2_2-L_L-01,00:09:34.651,STT_CS
STT_CS-L-2011_2013-P_P-D_D-B07_B07-4_4-R_R-01,00:09:23.489,STT_CS
STT_CS-L-2011_2014-P_P-D_D-G03_G03-3_3-N_N-01,00:05:41.439,STT_CS
STT_CS-L-2011_2015-M_M-D_D-B02_B02-1_2-R_R-01,00:05:35.494,STT_CS
STT_CS-L-2011_2015-M_M-D_D-B07_B02-6_3-R_R-01,00:02:29.225,STT_CS
STT_CS-L-2011_2015-M_M-D_D-B08_B06-5_3-R_R-01,00:18:18.280,STT_CS
STT_CS-L-2011_2015-M_P-D_D-B05_B05-5_2-R_R-01,00:13:23.733,STT_CS
STT_CS-L-2011_2016-M_M-D_D-G02_G01-0_0-L_L-01,00:12:48.127,STT_CS
STT_CS-L-2011_2017-M_M-D_D-B08_B01-6_1-R_R-01,00:21:58.620,STT_CS
STT_CS-L-2012_2009-M_M-D_D-B05_B07-5_5-R_R-01,00:02:43.120,STT_CS
STT_CS-L-2012_2010-M_M-D_D-B02_B06-6_6-R_R-01,00:24:11.709,STT_CS
STT_CS-L-2012_2010-M_P-D_D-B03_B07-5_6-R_R-01,00:32:26.185,STT_CS
STT_CS-L-2012_2010-M_P-D_D-B07_B07-6_6-R_R-01a,00:00:13.742,STT_CS
STT_CS-L-2012_2010-M_P-D_D-B07_B07-6_6-R_R-01b,00:04:54.349,STT_CS
STT_CS-L-2012_2010-P_P-D_D-B01_B04-6_6-R_R-01,00:50:27.643,STT_CS
STT_CS-L-2012_2010-P_P-D_D-B01_B04-6_6-R_R-02,00:18:37.828,STT_CS
STT_CS-L-2012_2010-P_P-D_D-B01_B07-6_6-R_R-01,00:53:51.636,STT_CS
STT_CS-L-2012_2010-P_P-D_D-B10_B07-6_6-R_R-01,00:01:49.470,STT_CS
STT_CS-L-2012_2011-M_M-D_D-B01_B01-0_0-R_R-01,00:12:20.997,STT_CS
STT_CS-L-2012_2011-M_M-D_D-B01_B03-5_5-R_R-01,00:01:16.035,STT_CS
STT_CS-L-2012_2011-M_M-D_D-B01_B05-5_5-R_R-01,00:17:33.826,STT_CS
STT_CS-L-2012_2011-M_M-D_D-B02_B05-5_6-R_R-01,00:07:42.069,STT_CS
STT_CS-L-2012_2011-M_M-D_D-B05_B08-5_5-R_R-01,00:24:13.881,STT_CS
STT_CS-L-2012_2011-M_M-D_D-B06_B06-5_5-R_R-02,00:09:27.964,STT_CS
STT_CS-L-2012_2011-M_M-D_D-B06_B06-6_6-R_R-01,00:10:18.763,STT_CS
STT_CS-L-2012_2011-M_M-D_D-B08_B06-6_6-R_R-01,00:13:33.137,STT_CS
STT_CS-L-2012_2011-M_M-D_D-G01_G02-1_1-L_L-01,00:03:01.034,STT_CS
STT_CS-L-2012_2011-M_M-D_D-G01_G04-0_0-L_L-01,00:08:43.770,STT_CS
STT_CS-L-2012_2011-M_P-D_D-B05_B05-4_4-R_R-01,00:15:21.744,STT_CS
STT_CS-L-2012_2011-P_P-D_D-B01_B01-0_0-R_R-01,00:00:20.239,STT_CS
STT_CS-L-2012_2011-P_P-D_D-B04_B05-6_6-R_R-01a,00:35:42.644,STT_CS
STT_CS-L-2012_2011-P_P-D_D-B04_B05-6_6-R_R-01b,00:15:17.830,STT_CS
STT_CS-L-2012_2011-P_P-D_D-B08_B06-6_6-R_R-01,00:03:29.865,STT_CS
STT_CS-L-2012_2011-P_P-D_D-B08_B08-6_6-R_R-01,00:05:40.101,STT_CS
STT_CS-L-2012_2011-P_P-D_D-B09_B07-6_6-R_R-01,00:18:05.111,STT_CS
STT_CS-L-2012_2011-P_P-D_D-G03_G03-3_3-N_N-01,00:14:04.833,STT_CS
STT_CS-L-2012_2011-P_P-D_D-G06_G07-6_6-N_N-01,00:15:17.402,STT_CS
STT_CS-L-2012_2011_2011-M_M_M-D_D_D-B08_B08_B05-6_6_6-R_R_R-01a,00:18:21.327,STT_CS
STT_CS-L-2012_2011_2011-M_M_M-D_D_D-B08_B08_B05-6_6_6-R_R_R-01b,00:14:27.023,STT_CS
STT_CS-L-2012_2012-M_M-D_D-B01_B01-0_0-R_R-01,00:02:25.191,STT_CS
STT_CS-L-2012_2012-M_M-D_D-B01_B01-6_6-R_R-01,00:45:40.881,STT_CS
STT_CS-L-2012_2012-M_M-D_D-B01_B05-5_5-R_R-01,00:10:18.342,STT_CS
STT_CS-L-2012_2012-M_M-D_D-B02_B03-5_5-R_R-01,00:14:47.946,STT_CS
STT_CS-L-2012_2012-M_M-D_D-B03_B05-5_6-R_R-01,00:22:31.843,STT_CS
STT_CS-L-2012_2012-M_M-D_D-B04_B04-5_5-R_R-01,00:01:10.703,STT_CS
STT_CS-L-2012_2012-M_M-D_D-B05_B01-5_0-R_R-01,00:18:08.314,STT_CS
STT_CS-L-2012_2012-M_M-D_D-B05_B03-5_5-R_R-01,00:35:01.546,STT_CS
STT_CS-L-2012_2012-M_M-D_D-B05_B04-5_5-R_R-01,00:11:28.909,STT_CS
STT_CS-L-2012_2012-M_M-D_D-B05_B04-5_5-R_R-03,00:09:27.550,STT_CS
STT_CS-L-2012_2012-M_M-D_D-B05_B05-4_4-R_R-01,00:08:32.015,STT_CS
STT_CS-L-2012_2012-M_M-D_D-B05_B06-6_6-R_R-01,00:02:40.232,STT_CS
STT_CS-L-2012_2012-M_M-D_D-B05_B07-5_5-R_R-01,00:35:09.566,STT_CS
STT_CS-L-2012_2012-M_P-D_D-B04_B04-4_4-R_R-01,00:04:39.187,STT_CS
STT_CS-L-2012_2012-P_P-D_D-B01_B01-6_6-R_R-01,00:03:29.030,STT_CS
STT_CS-L-2012_2012-P_P-D_D-B01_B04-4_4-R_R-01,00:18:46.014,STT_CS
STT_CS-L-2012_2012-P_P-D_D-B02_B01-5_5-R_R-01,00:08:20.068,STT_CS
STT_CS-L-2012_2012-P_P-D_D-B02_B04-6_6-R_R-01,00:14:40.102,STT_CS
STT_CS-L-2012_2012-P_P-D_D-B04_B08-4_4-R_R-01,00:05:20.819,STT_CS
STT_CS-L-2012_2012-P_P-D_D-B05_B02-5_5-R_R-01,00:01:06.976,STT_CS
STT_CS-L-2012_2012-P_P-D_D-B05_B02-5_5-R_R-02,00:00:17.128,STT_CS
STT_CS-L-2012_2012-P_P-D_D-B05_B07-6_6-R_R-01,00:20:09.568,STT_CS
STT_CS-L-2012_2012-P_P-D_D-B06_B02-6_6-R_R-01,00:00:56.972,STT_CS
STT_CS-L-2012_2012_2012-P_P_P-D_D_D-B01_B01_B01-6_6_6-R_R_R-01,00:00:21.246,STT_CS
STT_CS-L-2012_2013-M_M-D_D-B01_B01-2_2-R_R-01,00:06:57.450,STT_CS
STT_CS-L-2012_2013-M_M-D_D-B01_B01-4_4-R_R-01,00:33:02.408,STT_CS
STT_CS-L-2012_2013-M_M-D_D-B01_B03-6_4-R_R-01,00:17:18.276,STT_CS
STT_CS-L-2012_2013-M_M-D_D-B02_B05-4_4-R_R-01,00:08:03.934,STT_CS
STT_CS-L-2012_2013-M_M-D_D-B03_B01-4_4-R_R-01,00:01:19.626,STT_CS
STT_CS-L-2012_2013-M_M-D_D-B03_B05-5_5-R_R-01,00:11:34.210,STT_CS
STT_CS-L-2012_2013-M_M-D_D-B04_B02-5_5-R_R-01,00:07:36.974,STT_CS
STT_CS-L-2012_2013-M_M-D_D-B04_B02-5_5-R_R-02,00:09:03.163,STT_CS
STT_CS-L-2012_2013-M_M-D_D-B04_B05-6_6-R_R-01,00:38:42.303,STT_CS
STT_CS-L-2012_2013-M_M-D_D-B05_B01-5_5-R_R-02,00:09:03.453,STT_CS
STT_CS-L-2012_2013-M_M-D_D-B05_B04-5_5-R_R-01,00:14:45.531,STT_CS
STT_CS-L-2012_2013-M_M-D_D-B06_B05-5_4-R_R-01,00:22:40.688,STT_CS
STT_CS-L-2012_2013-P_P-D_D-B03_B04-5_5-R_R-02,00:08:21.215,STT_CS
STT_CS-L-2012_2013-P_P-D_D-B06_B04-4_4-R_R-01,00:22:01.864,STT_CS
STT_CS-L-2012_2013-P_P-D_D-B06_B05-4_4-R_R-01,00:00:44.891,STT_CS
STT_CS-L-2012_2013-P_P-D_D-B07_B04-6_4-R_R-01,00:01:36.289,STT_CS
STT_CS-L-2012_2013-P_P-D_D-G02_G04-3_3-N_N-01,00:08:03.736,STT_CS
STT_CS-L-2012_2013_2010-P_P_P-D_D_D-B01_B02_B01-6_6_6-R_R_R-01,00:03:13.148,STT_CS
STT_CS-L-2012_2014-M_M-D_D-B05_B01-4_3-R_R-01,00:09:11.878,STT_CS
STT_CS-L-2012_2014-M_M-D_D-B05_B03-4_4-R_R-01,00:01:44.740,STT_CS
STT_CS-L-2012_2014-M_M-D_D-B07_B02-4_4-R_R-01,00:07:01.295,STT_CS
STT_CS-L-2012_2014-P_P-D_D-B05_B02-6_1-R_R-01,00:03:46.153,STT_CS
STT_CS-L-2012_2014-P_P-D_D-G03_G03-3_3-N_N-01,00:13:48.563,STT_CS
STT_CS-L-2012_2014-P_P-D_D-G04_G03-6_3-N_N-01,00:11:32.138,STT_CS
STT_CS-L-2012_2015-M_M-D_D-B03_B02-3_2-R_R-01,00:01:45.641,STT_CS
STT_CS-L-2012_2015-M_P-D_D-B01_B03-4_3-R_R-01,00:09:17.603,STT_CS
STT_CS-L-2012_2015-P_P-D_D-G02_G04-3_5-N_N-01,00:07:35.830,STT_CS
STT_CS-L-2012_2016-P_P-D_D-B09_B02-6_2-R_R-01,00:04:15.494,STT_CS
STT_CS-L-2013_2009-M_M-D_D-B04_B08-6_6-R_R-01,00:12:33.980,STT_CS
STT_CS-L-2013_2010-M_M-D_D-G02_G03-2_2-L_L-01,00:06:08.848,STT_CS
STT_CS-L-2013_2010-M_M-D_D-G02_G03-2_2-L_L-02,00:06:46.792,STT_CS
STT_CS-L-2013_2011-M_M-D_D-B02_B01-1_1-L_L-01,00:04:02.331,STT_CS
STT_CS-L-2013_2011-M_M-D_D-B02_B04-4_4-R_R-01,00:01:06.586,STT_CS
STT_CS-L-2013_2011-M_M-D_D-B07_B08-4_5-R_R-01,00:07:12.000,STT_CS
STT_CS-L-2013_2011-M_M-D_D-G02_G01-0_0-L_L-01,00:16:00.055,STT_CS
STT_CS-L-2013_2011-P_P-D_D-B01_B01-3_3-R_R-01,00:09:08.760,STT_CS
STT_CS-L-2013_2011-P_P-D_D-G02_G07-3_7-N_N-01,00:17:10.681,STT_CS
STT_CS-L-2013_2012-M_M-D_D-B01_B01-0_0-R_R-01,00:07:38.249,STT_CS
STT_CS-L-2013_2012-M_M-D_D-B02_B04-5_5-R_R-01,00:12:57.219,STT_CS
STT_CS-L-2013_2012-M_M-D_D-B06_B06-4_4-R-01a,00:40:29.848,STT_CS
STT_CS-L-2013_2012-M_M-D_D-B06_B06-4_4-R-01b,00:35:40.605,STT_CS
STT_CS-L-2013_2012-M_M-D_D-B08_B08-5_6-R_R-01,00:01:01.645,STT_CS
STT_CS-L-2013_2012-M_M-D_D-G03_G02-1_1-L_L-01,00:13:34.211,STT_CS
STT_CS-L-2013_2012-P_P-D_D-B05_B01-5_4-R_R-01,00:03:12.723,STT_CS
STT_CS-L-2013_2012-P_P-D_D-B07_B05-4_4-R_R-01,00:20:25.264,STT_CS
STT_CS-L-2013_2012-P_P-D_D-B10_B10-5_5-R_R-01,00:09:46.556,STT_CS
STT_CS-L-2013_2012-P_P-D_D-B10_B10-5_5-R_R-02,00:15:02.722,STT_CS
STT_CS-L-2013_2012-P_P-D_D-G04_G04-3_3-N_N-01,00:13:48.103,STT_CS
STT_CS-L-2013_2013-M_M-D_D-B01_B01-0_0-R_R-01,00:31:33.116,STT_CS
STT_CS-L-2013_2013-M_M-D_D-B01_B01-0_0-R_R-02,00:00:29.317,STT_CS
STT_CS-L-2013_2013-M_M-D_D-B01_B02-0_4-R_R-01,00:04:33.850,STT_CS
STT_CS-L-2013_2013-M_M-D_D-B04_B03-4_4-R_R-01,00:06:41.108,STT_CS
STT_CS-L-2013_2013-M_M-D_D-B04_B04-3_3-R_R-01,00:09:01.056,STT_CS
STT_CS-L-2013_2013-M_M-D_D-B04_B04-3_3-R_R-02,00:18:00.051,STT_CS
STT_CS-L-2013_2013-M_M-D_D-B04_B04-4_4-R_R-01,00:02:45.378,STT_CS
STT_CS-L-2013_2013-M_M-D_D-B04_B05-3_3-R_R-01,00:07:49.612,STT_CS
STT_CS-L-2013_2013-M_M-D_D-B05_B05-3_3-R_R-01,00:17:12.884,STT_CS
STT_CS-L-2013_2013-M_M-D_D-B05_B05-5_5-R_R-01a,00:17:19.655,STT_CS
STT_CS-L-2013_2013-M_M-D_D-B05_B05-5_5-R_R-01b,00:18:28.790,STT_CS
STT_CS-L-2013_2013-M_M-D_D-B05_B05-5_5-R_R-02,00:12:05.860,STT_CS
STT_CS-L-2013_2013-M_M-D_D-B05_B05-5_5-R_R-05,00:09:30.013,STT_CS
STT_CS-L-2013_2013-M_M-D_D-B05_B06-4_4-R_R-01,00:26:24.730,STT_CS
STT_CS-L-2013_2013-M_M-D_D-B05_B07-5_4-R_R-01,00:28:37.866,STT_CS
STT_CS-L-2013_2013-M_M-D_D-B06_B06-4_4-R_R-01A,00:09:12.595,STT_CS
STT_CS-L-2013_2013-M_M-D_D-B06_B06-4_4-R_R-01B,00:08:12.113,STT_CS
STT_CS-L-2013_2013-M_M-D_D-B07_B08-4_5-R_R-01,00:19:50.650,STT_CS
STT_CS-L-2013_2013-M_M-D_D-B08_B05-5_5-R_R-02,00:08:25.994,STT_CS
STT_CS-L-2013_2013-M_M-D_D-B08_B08-5_5-R_R-01,00:19:12.421,STT_CS
STT_CS-L-2013_2013-M_M-D_D-G01_G02-1_1-L_L-01,00:10:36.141,STT_CS
STT_CS-L-2013_2013-P_M-D_D-B03_B04-4_4-R_R-01,00:03:32.970,STT_CS
STT_CS-L-2013_2013-P_M-D_D-B06_B07-5_5-R_R-01,00:33:04.114,STT_CS
STT_CS-L-2013_2013-P_P-D_D-B01_B04-5_5-R_R-01,00:08:07.494,STT_CS
STT_CS-L-2013_2013-P_P-D_D-B03_B03-4_4-R_R-01,00:04:06.610,STT_CS
STT_CS-L-2013_2013-P_P-D_D-B04_B05-4_4-R_R-01,00:02:31.126,STT_CS
STT_CS-L-2013_2013-P_P-D_D-G03_G03-5_3-N_N-01,00:07:50.538,STT_CS
STT_CS-L-2013_2013_2011-M_M_M-D_D_D-G02_G02_G01-1_1_1-L_L_L-01,00:20:22.648,STT_CS
STT_CS-L-2013_2014-M_M-D_D-B01_B01-1_1-R_R-01,00:21:01.934,STT_CS
STT_CS-L-2013_2014-M_M-D_D-B01_B02-3_3-R_R-01,00:01:24.191,STT_CS
STT_CS-L-2013_2014-M_M-D_D-B03_B03-4_4-R_R-01,00:26:23.791,STT_CS
STT_CS-L-2013_2014-M_M-D_D-B03_B06-4_4-R_R-01,00:18:53.680,STT_CS
STT_CS-L-2013_2014-M_M-D_D-B04_B03-4_4-R_R-01,00:00:58.229,STT_CS
STT_CS-L-2013_2014-M_M-D_D-B04_B07-4_4-R_R-02,00:10:42.882,STT_CS
STT_CS-L-2013_2014-M_M-D_D-B04_B07-4_4-R_R-03,00:05:52.611,STT_CS
STT_CS-L-2013_2014-M_M-D_D-B04_B07-4_4-R_R-04,00:08:02.730,STT_CS
STT_CS-L-2013_2014-M_M-D_D-B04_B07-4_4-R_R-05,00:17:43.884,STT_CS
STT_CS-L-2013_2014-M_M-D_D-B05_B05-4_4-R_R-01,00:23:14.302,STT_CS
STT_CS-L-2013_2014-M_M-D_D-B06_B03-4_3-R_R-02,00:12:10.411,STT_CS
STT_CS-L-2013_2014-M_M-D_D-G02_G02-2_1-L_L-01,00:11:32.943,STT_CS
STT_CS-L-2013_2014-M_P-D_D-B01_B02-4_4-R_R-01,00:06:38.849,STT_CS
STT_CS-L-2013_2014-P_P-D_D-B01_B01-0_0-R_R-01,00:14:19.004,STT_CS
STT_CS-L-2013_2014-P_P-D_D-B03_B04-6_6-R_R-01,00:13:12.095,STT_CS
STT_CS-L-2013_2014-P_P-D_D-B04_B04-4_4-R_R-01,00:03:45.176,STT_CS
STT_CS-L-2013_2014-P_P-D_D-G02_G03-2_2-N_N-01,00:09:38.312,STT_CS
STT_CS-L-2013_2014-P_P-D_D-G03_G02-2_3-N_N-01,00:17:50.371,STT_CS
STT_CS-L-2013_2015-M_M-B02_B02-2_2-R_R-02,00:05:30.217,STT_CS
STT_CS-L-2013_2015-M_M-D_D-B01_B01-4_3-R_R-01,00:00:23.522,STT_CS
STT_CS-L-2013_2015-M_M-D_D-B02_B01-4_3-R_R-01,00:21:19.273,STT_CS
STT_CS-L-2013_2015-P_P-D_D-B01_B01-2_2-R_R-01,00:09:14.508,STT_CS
STT_CS-L-2013_2015-P_P-D_D-B01_B03-1_1-R_R-01,00:00:37.766,STT_CS
STT_CS-L-2013_2015-P_P-D_D-B01_B06-4_4-R_R-01,00:02:21.892,STT_CS
STT_CS-L-2013_2015-P_P-D_D-B02_B02-3_3-R_R-01,00:10:05.411,STT_CS
STT_CS-L-2013_2015-P_P-D_D-G02_G03-3_3-N_N-01,00:09:23.000,STT_CS
STT_CS-L-2013_2016-M_M-D_D-B05_B04-6_5-R_R-01,00:19:03.820,STT_CS
STT_CS-L-2013_2016-P_P-D_D-B04_B02-4_2-R_R-01,00:00:48.003,STT_CS
STT_CS-L-2013_2017-P_P-D_D-B01_B01-0_0-R_R-01,00:05:01.894,STT_CS
STT_CS-L-2013_2019-P_P-D_D-B04_B01-1_0-R_R-01,00:04:09.225,STT_CS
STT_CS-L-2014_2009-P_P-D_D-G04_G02-3_5-N_N-01,00:13:48.778,STT_CS
STT_CS-L-2014_2010-M_M-D_D-G01_G04-0_0-L_L-01,00:11:17.520,STT_CS
STT_CS-L-2014_2010-P_P-D_D-B02_B04-4_4-R_R-01,00:04:26.311,STT_CS
STT_CS-L-2014_2011-P_P-D_D-B01_B03-4_4-R_R-01,00:05:25.934,STT_CS
STT_CS-L-2014_2011-P_P-D_D-B07_B03-5_5-R_R-01,00:00:37.990,STT_CS
STT_CS-L-2014_2012-M_M-D_D-B01_B03-3_3-R_R-01,00:09:08.550,STT_CS
STT_CS-L-2014_2012-M_M-D_D-B01_B03-4_4-R_R-01,00:14:33.006,STT_CS
STT_CS-L-2014_2012-M_M-D_D-B03_B02-2_2-R_R-02,00:14:30.391,STT_CS
STT_CS-L-2014_2012-P_P-D_D-B04_B05-4_4-R_R-01,00:04:19.035,STT_CS
STT_CS-L-2014_2012-P_P-D_D-B04_B05-4_5-R_R-01,00:17:17.976,STT_CS
STT_CS-L-2014_2012-P_P-D_D-G02_G04-3_3-N_N-01,00:09:10.089,STT_CS
STT_CS-L-2014_2012-P_P-D_D-G03_G02-3_3-N_N-02,00:11:46.248,STT_CS
STT_CS-L-2014_2013-M_M-D_D-B02_B07-4_4-R_R-01,00:27:07.727,STT_CS
STT_CS-L-2014_2013-M_M-D_D-B04_B01-4_4-R_R-01,00:27:35.625,STT_CS
STT_CS-L-2014_2013-M_M-D_D-B04_B07-4_4-R_R-01,00:25:32.365,STT_CS
STT_CS-L-2014_2013-M_M-D_D-B07_B05-4_4-R_R-01,00:22:32.231,STT_CS
STT_CS-L-2014_2013-M_M-D_D-B07_B05-4_4-R_R-02,00:14:43.006,STT_CS
STT_CS-L-2014_2013-P_M-D_D-B01_B04-0_0-R_R-01,00:00:40.068,STT_CS
STT_CS-L-2014_2013-P_P-D_D-B01_B01-0_0-R_R-01,00:00:26.073,STT_CS
STT_CS-L-2014_2013-P_P-D_D-B01_B01-0_1-R_R-01,00:01:50.253,STT_CS
STT_CS-L-2014_2013-P_P-D_D-B01_B01-4_5-R_R-01,00:06:49.845,STT_CS
STT_CS-L-2014_2013-P_P-D_D-B01_B05-4_3-R_R-01,00:14:30.301,STT_CS
STT_CS-L-2014_2013-P_P-D_D-B04_B03-4_4-R_R-01,00:05:47.040,STT_CS
STT_CS-L-2014_2013-P_P-D_D-B06_B06-4_4-R_R-01,00:15:46.322,STT_CS
STT_CS-L-2014_2013-P_P-D_D-G03_G03-3_3-N_N-01,00:10:16.208,STT_CS
STT_CS-L-2014_2014-M_M-D_D-B02_B02-4_4-R_R-01,00:04:26.878,STT_CS
STT_CS-L-2014_2014-M_M-D_D-B02_B03-3_3-R_R-01,00:19:57.392,STT_CS
STT_CS-L-2014_2014-M_M-D_D-B03_B01-3_3-R_R-02,00:17:23.596,STT_CS
STT_CS-L-2014_2014-M_M-D_D-B03_B01-3_3-R_R-03,00:27:24.992,STT_CS
STT_CS-L-2014_2014-M_M-D_D-B03_B02-3_3-R_R-01,00:09:49.822,STT_CS
STT_CS-L-2014_2014-M_M-D_D-B03_B03-1_1-R_R-01,00:16:48.815,STT_CS
STT_CS-L-2014_2014-M_M-D_D-B03_B03-3_3-R_R-02,00:11:50.617,STT_CS
STT_CS-L-2014_2014-M_M-D_D-B04_B01-3_3-R_R-01,00:01:03.299,STT_CS
STT_CS-L-2014_2014-M_M-D_D-B04_B02-3_3-R_R-01,00:15:58.757,STT_CS
STT_CS-L-2014_2014-M_M-D_D-B04_B05-2_2-R_R-01,00:01:44.677,STT_CS
STT_CS-L-2014_2014-M_M-D_D-B04_B08-4_4-R_R-01,00:03:34.745,STT_CS
STT_CS-L-2014_2014-M_M-D_D-B05_B01-2_2-R_R-01,00:04:20.554,STT_CS
STT_CS-L-2014_2014-M_M-D_D-B07_B07-4_4-R_R-01,00:40:26.678,STT_CS
STT_CS-L-2014_2014-P_M-D_D-B05_B04-4_4-R_R-01,00:31:17.152,STT_CS
STT_CS-L-2014_2014-P_P-D_D-B01_B01-0_0-R_R-01,00:13:51.441,STT_CS
STT_CS-L-2014_2014-P_P-D_D-B01_B01-0_0-R_R-02,00:11:53.297,STT_CS
STT_CS-L-2014_2014-P_P-D_D-B01_B01-0_0-R_R-03,00:12:35.900,STT_CS
STT_CS-L-2014_2014-P_P-D_D-B01_B01-3_3-R_R-02,00:04:41.083,STT_CS
STT_CS-L-2014_2014-P_P-D_D-B01_B01-4_0-R_R-01,00:00:25.891,STT_CS
STT_CS-L-2014_2014-P_P-D_D-B02_B01-4_4-R_R-01,00:00:10.529,STT_CS
STT_CS-L-2014_2014-P_P-D_D-B02_B01-4_4-R_R-02,00:00:34.659,STT_CS
STT_CS-L-2014_2014-P_P-D_D-B03_B02-2_2-R_R-01,00:14:12.322,STT_CS
STT_CS-L-2014_2014-P_P-D_D-B03_B06-5_5-R_R-01,00:26:59.242,STT_CS
STT_CS-L-2014_2014-P_P-D_D-G02_G03-3_2-N_N-01,00:09:49.669,STT_CS
STT_CS-L-2014_2015-M_M-D_D-B01_B01-3_3-R_R-01,00:15:10.621,STT_CS
STT_CS-L-2014_2015-M_M-D_D-B01_B01-3_3-R_R-02,00:01:05.615,STT_CS
STT_CS-L-2014_2015-M_M-D_D-B01_B01-4_4-R_R-01,00:07:47.476,STT_CS
STT_CS-L-2014_2015-M_M-D_D-B01_B02-3_3-R_R-01,00:00:03.464,STT_CS
STT_CS-L-2014_2015-M_M-D_D-B01_B04-3_3-R_R-01,00:05:11.455,STT_CS
STT_CS-L-2014_2015-M_M-D_D-B02_B02-3_3-R_R-01,00:23:56.188,STT_CS
STT_CS-L-2014_2015-M_M-D_D-B02_B02-3_3-R_R-02,00:00:32.478,STT_CS
STT_CS-L-2014_2015-M_M-D_D-B03_B03-3_3-R_R-01,00:09:45.601,STT_CS
STT_CS-L-2014_2015-M_M-D_D-B04_B02-3_1-R_R-01,00:36:00.847,STT_CS
STT_CS-L-2014_2015-M_M-D_D-B06_B03-4_3-R_R-01,00:17:02.581,STT_CS
STT_CS-L-2014_2015-M_M-D_D-B07_B01-4_3-R_R-01,00:05:19.297,STT_CS
STT_CS-L-2014_2015-P_P-D_D-B01_B01-4_4-R_R-01,00:02:58.571,STT_CS
STT_CS-L-2014_2015-P_P-D_D-B03_B03-4_4-R_R-01a,00:00:11.669,STT_CS
STT_CS-L-2014_2015-P_P-D_D-B03_B03-4_4-R_R-01b,00:03:41.871,STT_CS
STT_CS-L-2014_2015-P_P-D_D-B03_B03-4_4-R_R-02,00:03:41.799,STT_CS
STT_CS-L-2014_2015-P_P-D_D-B04_B02-1_2-R_R-01,00:13:23.980,STT_CS
STT_CS-L-2014_2015-P_P-D_D-B04_B03-1_1-R_R-02,00:06:21.862,STT_CS
STT_CS-L-2014_2015-P_P-D_D-G04_G03-3_5-N_N-01,00:08:13.490,STT_CS
STT_CS-L-2014_2016-M_M-D_D-B02_B02-3_3-R_R-01a,00:22:53.773,STT_CS
STT_CS-L-2014_2016-M_M-D_D-B02_B02-3_3-R_R-01b,00:20:58.183,STT_CS
STT_CS-L-2014_2016-M_M-D_D-B03_B01-3_2-R_R-01,00:18:41.685,STT_CS
STT_CS-L-2014_2016-M_M-D_D-B09_B05-5_5-R_R-01,00:00:23.905,STT_CS
STT_CS-L-2014_2016-P_P-D_D-B02_B01-0_0-R_R-01,00:05:16.760,STT_CS
STT_CS-L-2014_2016-P_P-D_D-B03_B01-4_1-R_R-01,00:14:08.794,STT_CS
STT_CS-L-2014_2017-P_P-D_D-B04_B04-1_1-R_R-01,00:21:13.783,STT_CS
STT_CS-L-2014_2018-M_M-D_D-B03_B01-3_0-R_R-01,00:11:22.391,STT_CS
STT_CS-L-2015_2009_2006-M_M_M-D_D_D-G02_G02_G02-3_3_3-L_L_L-01,00:06:28.115,STT_CS
STT_CS-L-2015_2011-M_M-D_D-B04_B08-3_5-R_R-01,00:10:09.033,STT_CS
STT_CS-L-2015_2012-M_M-D_D-B01_B03-3_3-R_R-01,00:20:19.689,STT_CS
STT_CS-L-2015_2012-M_M-D_D-B03_B03-3_5-R_R-05,00:06:25.045,STT_CS
STT_CS-L-2015_2012-P_P-D_D-B01_B07-1_6-R_R-01a,00:04:29.263,STT_CS
STT_CS-L-2015_2012-P_P-D_D-B01_B07-1_6-R_R-01b,00:00:44.220,STT_CS
STT_CS-L-2015_2012-P_P-D_D-B02_B03-3_3-R_R-01,00:21:04.587,STT_CS
STT_CS-L-2015_2012-P_P-D_D-B04_B03-3_3-R_R-01,00:20:13.843,STT_CS
STT_CS-L-2015_2013-M_M-D_D-G02_G02-1_1-L_L-01,00:03:39.566,STT_CS
STT_CS-L-2015_2013-P_P-D_D-B01_B01-0_0-R_R-01,00:10:04.128,STT_CS
STT_CS-L-2015_2013-P_P-D_D-B01_B01-0_0-R_R-02,00:08:01.003,STT_CS
STT_CS-L-2015_2013-P_P-D_D-B01_B01-3_3-R_R-02,00:09:36.965,STT_CS
STT_CS-L-2015_2013-P_P-D_D-B01_B01-4_4-R_R-03,00:08:41.262,STT_CS
STT_CS-L-2015_2013-P_P-D_D-B02_B04-3_4-R_R-01,00:10:21.844,STT_CS
STT_CS-L-2015_2014-M_M-D_D-B01_B02-3_3-R_R-02,00:06:16.828,STT_CS
STT_CS-L-2015_2014-M_M-D_D-B02_B02-3_3-R_R-01,00:01:07.975,STT_CS
STT_CS-L-2015_2014-M_M-D_D-B02_B04-1_3-R_R-01,00:17:05.813,STT_CS
STT_CS-L-2015_2014-M_M-D_D-B03_B01-3_3-R_R-01,00:08:59.740,STT_CS
STT_CS-L-2015_2014-M_M-D_D-B03_B04-3_3-R_R-01,00:04:34.871,STT_CS
STT_CS-L-2015_2014-M_M-D_D-B04_B03-3_3-R_R-01,00:02:50.243,STT_CS
STT_CS-L-2015_2014-P_P-D_D-B02_B04-4_4-R_R-01,00:02:58.859,STT_CS
STT_CS-L-2015_2014-P_P-D_D-B03_B02-4_3-R_R-03,00:04:04.485,STT_CS
STT_CS-L-2015_2014-P_P-D_D-G02_G01-2_2-N_N-01,00:10:58.172,STT_CS
STT_CS-L-2015_2014-P_P-D_D-G03_G01-2_2-N_N-01,00:15:03.454,STT_CS
STT_CS-L-2015_2014-P_P-D_D-G03_G02-1_2-N_N-01,00:13:11.208,STT_CS
STT_CS-L-2015_2015-M_M-D_D-B01_B01-1_1-R_R-01,00:21:16.102,STT_CS
STT_CS-L-2015_2015-M_M-D_D-B01_B01-1_1-R_R-05,00:06:14.439,STT_CS
STT_CS-L-2015_2015-M_M-D_D-B01_B01-3_1-R_R-01,00:11:34.563,STT_CS
STT_CS-L-2015_2015-M_M-D_D-B01_B01-3_3-R_R-01,00:01:11.434,STT_CS
STT_CS-L-2015_2015-M_M-D_D-B01_B01-4_4-R_R-01,00:09:35.369,STT_CS
STT_CS-L-2015_2015-M_M-D_D-B01_B02-3_3-R_R-01,00:05:37.051,STT_CS
STT_CS-L-2015_2015-M_M-D_D-B01_B03-3_3-R_R-01,00:08:52.810,STT_CS
STT_CS-L-2015_2015-M_M-D_D-B02_B01-3_3-R_R-01,00:05:17.505,STT_CS
STT_CS-L-2015_2015-M_M-D_D-B02_B02-2_2-R_R-01,00:14:27.467,STT_CS
STT_CS-L-2015_2015-M_M-D_D-B02_B03-4_4-R_R-01,00:09:09.820,STT_CS
STT_CS-L-2015_2015-M_M-D_D-B02_B04-2_2-R_R-01,00:04:33.658,STT_CS
STT_CS-L-2015_2015-M_M-D_D-B03_B01-3_3-R_R-01,00:28:19.122,STT_CS
STT_CS-L-2015_2015-M_M-D_D-B03_B02-3_3-R_R-01,00:23:54.396,STT_CS
STT_CS-L-2015_2015-M_M-D_D-B04_B04-2_2-R_R-01b,00:35:57.823,STT_CS
STT_CS-L-2015_2015-M_M-D_D-B05_B03-1_1-R_R-01,00:03:56.808,STT_CS
STT_CS-L-2015_2015-M_M-D_D-B06_B06-3_3-R_R-01,00:26:31.564,STT_CS
STT_CS-L-2015_2015-M_M-D_D-B06_B06-3_3-R_R-02,00:15:29.262,STT_CS
STT_CS-L-2015_2015-M_M-D_D-B07_B03-3_3-R_R-01a,00:11:50.531,STT_CS
STT_CS-L-2015_2015-M_M-D_D-B07_B03-3_3-R_R-01b,00:18:07.457,STT_CS
STT_CS-L-2015_2015-M_P-D_D-B03_B03-2_2-R_R-01,00:02:46.841,STT_CS
STT_CS-L-2015_2015-P_P-D_D-B01_B02-2_2-R_R-01,00:33:49.570,STT_CS
STT_CS-L-2015_2015-P_P-D_D-B02_B01-1_1-R_R-01,00:01:01.475,STT_CS
STT_CS-L-2015_2015-P_P-D_D-B02_B04-2_2-R_R-01,00:16:01.475,STT_CS
STT_CS-L-2015_2015-P_P-D_D-B02_B05-2_2-R_R-01,00:21:04.265,STT_CS
STT_CS-L-2015_2015-P_P-D_D-B03_B01-2_2-R_R-01,00:02:41.745,STT_CS
STT_CS-L-2015_2015-P_P-D_D-B03_B02-3_3-R_R-01,00:15:26.315,STT_CS
STT_CS-L-2015_2015-P_P-D_D-B04_B02-3_3-R_R-01,00:18:26.859,STT_CS
STT_CS-L-2015_2015-P_P-D_D-B05_B02-4_4-R_R-01,00:23:27.969,STT_CS
STT_CS-L-2015_2015-P_P-D_D-B05_B03-3_3-R_R-01,00:10:12.865,STT_CS
STT_CS-L-2015_2015-P_P-D_D-B05_B08-3_3-R_R-01,00:06:21.896,STT_CS
STT_CS-L-2015_2015-P_P-D_D-B06_B04-3_3-R-01a,00:08:58.649,STT_CS
STT_CS-L-2015_2015-P_P-D_D-B06_B04-3_3-R-01b,00:11:36.162,STT_CS
STT_CS-L-2015_2015_2014-P_P_P-D_D_D-B02_B02_B05-4_4_4-R_R_R-01,00:08:55.064,STT_CS
STT_CS-L-2015_2016-M_M-D_D-B01_B02-0_1-R_R-01,00:15:10.162,STT_CS
STT_CS-L-2015_2016-M_M-D_D-B02_B01-2_2-R_R-01,00:05:34.647,STT_CS
STT_CS-L-2015_2016-M_M-D_D-B02_B01-3_3_R_R_01,00:07:02.669,STT_CS
STT_CS-L-2015_2016-M_M-D_D-B02_B03-2_2-R_R-01,00:06:54.598,STT_CS
STT_CS-L-2015_2016-M_M-D_D-B02_B05-2_2-R_R-01,00:02:12.693,STT_CS
STT_CS-L-2015_2016-M_M-D_D-B03_B02-1_1-R_R-01,00:05:23.642,STT_CS
STT_CS-L-2015_2016-M_M-D_D-B05_B02-2_2-R_R-01,00:02:37.731,STT_CS
STT_CS-L-2015_2016-P_M-D_D-B03_B01-2_2-R_R-01,00:02:54.811,STT_CS
STT_CS-L-2015_2016-P_P-D_D-B01_B02-2_2-R_R-01,00:18:00.703,STT_CS
STT_CS-L-2015_2016-P_P-D_D-B01_B02-2_2-R_R-02,00:14:53.101,STT_CS
STT_CS-L-2015_2016-P_P-D_D-B02_B01-1_1-R_R-01,00:05:34.068,STT_CS
STT_CS-L-2015_2016-P_P-D_D-B02_B01-2_2-R_R-01,00:04:19.873,STT_CS
STT_CS-L-2015_2016-P_P-D_D-B02_B02-1_1-R_R-01,00:19:42.610,STT_CS
STT_CS-L-2015_2016-P_P-D_D-B02_B02-2_2-R_R-01,00:06:08.433,STT_CS
STT_CS-L-2015_2017-M_M-D_D-B01_B01-1_1-R_R-01,00:28:22.279,STT_CS
STT_CS-L-2015_2017-M_P-D_D-B02_B01-0_0-R_R-01,00:04:55.627,STT_CS
STT_CS-L-2015_2017-P_P-D_D-B03_B01-3_0-R_R-01,00:01:33.319,STT_CS
STT_CS-L-2015_2018-M_M-D_D-B02_B01-0_0-R_R-01,00:06:37.597,STT_CS
STT_CS-L-2015_2018-M_M-D_D-B02_B03-1_1-R_R-01,00:01:10.754,STT_CS
STT_CS-L-2015_2018-P_P-G08_G02-0_0-R_R-02,00:04:31.500,STT_CS
STT_CS-L-2016_2012-M_M-D_D-B05_B2-5_4-R_R-02,00:18:05.253,STT_CS
STT_CS-L-2016_2013-M_M-D_D-B02_B01-3_3-R_R-01,00:05:05.530,STT_CS
STT_CS-L-2016_2013-M_M-D_D-B02_B01-3_3-R_R-02,00:04:20.414,STT_CS
STT_CS-L-2016_2014-M_M-D_D-B03_B07-4_4-R_R-01,00:03:09.530,STT_CS
STT_CS-L-2016_2015-M_M-D_D-B01_B02-1_1-R_R-01,00:08:09.362,STT_CS
STT_CS-L-2016_2015-M_M-D_D-B01_B02-2_2-R_R-01,00:04:21.152,STT_CS
STT_CS-L-2016_2015-M_M-D_D-B01_B02-2_2-R_R-02,00:13:42.027,STT_CS
STT_CS-L-2016_2015-M_M-D_D-B02_B01-2_2-R_R-01,00:17:00.223,STT_CS
STT_CS-L-2016_2015-M_M-D_D-B02_B02-2_2-R_R-01,00:17:10.609,STT_CS
STT_CS-L-2016_2015-M_M-D_D-B02_B03-2_2-R_R-01,00:04:59.237,STT_CS
STT_CS-L-2016_2015-M_M-D_D-B02_B03-4_4-R_R-02,00:03:22.454,STT_CS
STT_CS-L-2016_2015-M_M-D_D-B04_B04-1_2-R_R-01,00:05:26.029,STT_CS
STT_CS-L-2016_2015-M_M-D_D-B05_B02-2_2-R_R-01,00:27:42.395,STT_CS
STT_CS-L-2016_2015-M_P-D_D-B02_B03-2_2-R_R-01,00:43:05.500,STT_CS
STT_CS-L-2016_2015-M_P-D_D-B03_B01-0_0-R_R-01,00:00:38.174,STT_CS
STT_CS-L-2016_2015-M_P-D_D-B03_B03-3_3-R_R-01a,00:16:10.590,STT_CS
STT_CS-L-2016_2015-M_P-D_D-B03_B03-3_3-R_R-01b,00:13:27.903,STT_CS
STT_CS-L-2016_2015-P_P-D_D-B02_B01-2_2-R_R-01,00:01:35.114,STT_CS
STT_CS-L-2016_2015-P_P-D_D-B02_B02-2_2-R_R-01,00:02:45.879,STT_CS
STT_CS-L-2016_2015-P_P-D_D-B02_B02-2_2-R_R-02,00:11:24.758,STT_CS
STT_CS-L-2016_2015-P_P-D_D-B02_B02-2_2-R_R-04,00:19:09.127,STT_CS
STT_CS-L-2016_2016-M_M-D_D-B01_B01-1_1-R_R-01,00:14:47.610,STT_CS
STT_CS-L-2016_2016-M_M-D_D-B01_B01-2_0-R_R-01,00:14:57.434,STT_CS
STT_CS-L-2016_2016-M_M-D_D-B01_B01-2_0-R_R-02,00:13:24.967,STT_CS
STT_CS-L-2016_2016-M_M-D_D-B01_B02-2_2-R_R-03,00:08:56.793,STT_CS
STT_CS-L-2016_2016-M_M-D_D-B02_B02-2_2-R-01,00:22:37.279,STT_CS
STT_CS-L-2016_2016-M_M-D_D-B02_B02-2_2-R-02,00:24:34.459,STT_CS
STT_CS-L-2016_2016-M_M-D_D-B02_B02-2_2-R_R-03,00:08:59.004,STT_CS
STT_CS-L-2016_2016-M_M-D_D-B03_B03-1_1-R_R-01,00:26:42.911,STT_CS
STT_CS-L-2016_2016-M_M-D_D-B05_B02-2_2-R_R-02,00:03:05.483,STT_CS
STT_CS-L-2016_2016-M_M-D_D-B05_B05-2_2-R_R-01,00:00:54.932,STT_CS
STT_CS-L-2016_2016-M_M-D_D-B06_B02-1_1-R_R-01,00:06:47.389,STT_CS
STT_CS-L-2016_2016-M_P-D_D-B01_B02-2_2-R_R-01,00:02:22.610,STT_CS
STT_CS-L-2016_2016-M_P-D_D-B02_B05-2_2-R_R-01,00:10:09.963,STT_CS
STT_CS-L-2016_2016-P_M-D_D-B02_B01-2_2-R_R-01,00:14:15.881,STT_CS
STT_CS-L-2016_2016-P_P-D_D-B01_B02-2_2-R_R-01,00:13:28.790,STT_CS
STT_CS-L-2016_2016-P_P-D_D-B02_B01-1_1-R_R-01,00:30:28.252,STT_CS
STT_CS-L-2016_2016-P_P-D_D-B02_B01-2_2-R_R-01,00:29:31.041,STT_CS
STT_CS-L-2016_2016-P_P-D_D-B02_B02-2_2-R_R-01,00:41:52.168,STT_CS
STT_CS-L-2016_2016-P_P-D_D-B02_B02-2_2-R_R-02,00:29:42.763,STT_CS
STT_CS-L-2016_2016-P_P-D_D-B02_B02-3_3-R_R-01,00:04:30.558,STT_CS
STT_CS-L-2016_2016-P_P-D_D-B02_B03-2_2-R_R-01,00:13:00.427,STT_CS
STT_CS-L-2016_2016-P_P-D_D-B02_B05-2_2-R_R-01,00:08:57.044,STT_CS
STT_CS-L-2016_2016-P_P-D_D-B03_B02-2_2-R_R-03,00:10:36.729,STT_CS
STT_CS-L-2016_2016-P_P-D_D-B03_B03-1_1-R_R-01,00:14:43.033,STT_CS
STT_CS-L-2016_2017-M_M-D_D-B02_B01-2_2-R_R-01,00:48:36.578,STT_CS
STT_CS-L-2016_2017-M_M-D_D-B02_B03-0_0-R_R-02,00:09:32.305,STT_CS
STT_CS-L-2016_2017-M_P-D_D-B03_B05-2_2-R_R-01,00:20:16.353,STT_CS
STT_CS-L-2016_2017-P_P-D_D-B01_B01-1_1-R_R-01,01:41:49.991,STT_CS
STT_CS-L-2016_2017-P_P-D_D-B01_B02-0_0-R_R-02,00:10:41.789,STT_CS
STT_CS-L-2016_2017-P_P-D_D-B02_B02-2_0-R_R-01,00:17:23.558,STT_CS
STT_CS-L-2016_2018-M_M-D_D-B03_B01-2_1-R_R-01,00:02:12.021,STT_CS
STT_CS-L-2016_2018-M_M-D_D-B03_B03-1_1-R_R-01,00:07:24.615,STT_CS
STT_CS-L-2016_2018-P_P-D_D-B02_B02-02_0-R_R-01,00:08:07.987,STT_CS
STT_CS-L-2017_2013-M_M-D_D-B01_B02-1_4-R_R-01,00:04:27.855,STT_CS
STT_CS-L-2017_2013-P_P-D_D-G02_G03-1_3-N_N-01,00:10:02.833,STT_CS
STT_CS-L-2017_2014-P_P-D_D-B01_B04-1_1-R_R-01,00:16:16.584,STT_CS
STT_CS-L-2017_2014-P_P-D_D-B01_B04-1_1-R_R-02,00:15:47.411,STT_CS
STT_CS-L-2017_2015-P_P-D_D-B02_B01-2_1-R_R-01,00:14:02.602,STT_CS
STT_CS-L-2017_2015-P_P-D_D-B02_B02-2_3-R_R-01,00:21:20.398,STT_CS
STT_CS-L-2017_2015-P_P-D_D-B05_B02-2_2-R_R-01,00:03:44.647,STT_CS
STT_CS-L-2017_2016-M_M-D_D-B01_B01-1_1-R_R-01,00:04:08.518,STT_CS
STT_CS-L-2017_2016-M_M-D_D-B01_B04-0_2-R_R-01,00:12:59.536,STT_CS
STT_CS-L-2017_2016-M_M-D_D-B01_B04-1_1-R_R-01,00:11:12.935,STT_CS
STT_CS-L-2017_2016-M_M-D_D-B02_B03-2_2-R_R-01,00:07:32.602,STT_CS
STT_CS-L-2017_2016-M_M-D_D-B04_B03-1_0-R_R-01,00:10:42.694,STT_CS
STT_CS-L-2017_2016-P_P-D_D-B01_B01-1_1-R_R-01,00:00:31.140,STT_CS
STT_CS-L-2017_2016-P_P-D_D-B01_B02-01_01-R_R-01,00:08:55.594,STT_CS
STT_CS-L-2017_2016-P_P-D_D-B01_B02-0_0-R_R-01,00:01:19.692,STT_CS
STT_CS-L-2017_2016-P_P-D_D-B04_B04-1_1-R_R-01,00:10:51.386,STT_CS
STT_CS-L-2017_2016-P_P-D_D-G01_G02-1_2-N_N-01,00:19:59.665,STT_CS
STT_CS-L-2017_2016_2016-M_M_M_M-D_D_D-B01_B03_B03-0_0_0-R_R_R-01,00:00:50.372,STT_CS
STT_CS-L-2017_2017-M_M-D_D-B01_B01-0_0-R_R-01,00:18:51.301,STT_CS
STT_CS-L-2017_2017-M_M-D_D-B01_B01-1_1-R_R-01,00:09:07.343,STT_CS
STT_CS-L-2017_2017-M_M-D_D-B01_B01-1_1-R_R-02,00:25:48.587,STT_CS
STT_CS-L-2017_2017-M_M-D_D-B01_B02-1_1-R_R-01,00:08:21.016,STT_CS
STT_CS-L-2017_2017-M_M-D_D-B02_B01-0_0-R_R-01,00:01:38.957,STT_CS
STT_CS-L-2017_2017-M_M-D_D-B02_B04-1_1-R-01a,00:16:32.905,STT_CS
STT_CS-L-2017_2017-M_M-D_D-B02_B04-1_1-R-01b,00:21:07.624,STT_CS
STT_CS-L-2017_2017-M_M-D_D-B02_B05-2_2-R_R-01,00:08:26.889,STT_CS
STT_CS-L-2017_2017-M_M-D_D-B03_B04-2_2-R_R-01,01:04:28.775,STT_CS
STT_CS-L-2017_2017-M_M-D_D-B04_B02-1_1-R_R-01,00:10:45.100,STT_CS
STT_CS-L-2017_2017-M_M-D_D-B04_B04-1_1-R_R-01,00:29:31.228,STT_CS
STT_CS-L-2017_2017-M_M-D_D-B04_B04-1_1-R_R-02,00:16:11.056,STT_CS
STT_CS-L-2017_2017-P_M-D_D-B01_B02-0_0-R_R-01,00:00:35.477,STT_CS
STT_CS-L-2017_2017-P_M-D_D-B03_B02-2_2-R_R-01,00:04:59.273,STT_CS
STT_CS-L-2017_2017-P_P-D_D-B01_B01-0_0-R_R-02,00:08:50.153,STT_CS
STT_CS-L-2017_2017-P_P-D_D-B01_B01-1_1-R_R-01,00:12:45.278,STT_CS
STT_CS-L-2017_2017-P_P-D_D-B01_B01-1_1-R_R-02,00:30:15.390,STT_CS
STT_CS-L-2017_2017-P_P-D_D-B01_B01-1_1-R_R-03,00:34:41.045,STT_CS
STT_CS-L-2017_2017-P_P-D_D-B02_B01-0_0-R_R-01,00:04:47.791,STT_CS
STT_CS-L-2017_2017-P_P-D_D-B02_B02-2_2-R_R-01,00:09:27.160,STT_CS
STT_CS-L-2017_2017-P_P-D_D-B03_B01-2_2-R_R-01,00:14:05.353,STT_CS
STT_CS-L-2017_2017-P_P-D_D-B04_B01-1_1-R_R-01,00:09:00.894,STT_CS
STT_CS-L-2017_2017-P_P-D_D-B04_B04-1_1-R_R-01,00:09:59.585,STT_CS
STT_CS-L-2017_2017-P_P-D_D-B04_B04-1_1-R_R-02,00:27:34.163,STT_CS
STT_CS-L-2017_2017-P_P-D_D-B05_B05-2_2-R_R-01,00:18:44.013,STT_CS
STT_CS-L-2017_2018-M_M-D_D-B03_B03-1_1-R_R-01,00:08:04.299,STT_CS
STT_CS-L-2017_2018-M_M-D_D-B04_B04-1_1-R_R-01,00:04:24.246,STT_CS
STT_CS-L-2018_2015-M_M-D_D-B02_B03-0_0-R_R-02,00:13:14.489,STT_CS
STT_CS-L-2018_2015-M_M-D_D-B04_B01-0_3-R_R-01,00:00:21.757,STT_CS
STT_CS-L-2018_2015-M_P-D_D-B01_B01-0_1-R_R-01,00:01:19.094,STT_CS
STT_CS-L-2018_2016-M_M-D_D-B01_B04-1_1-R_R-01,00:12:39.069,STT_CS
STT_CS-L-2018_2016-M_M-D_D-B06_B06-6_6-R_R-01,01:10:55.831,STT_CS
STT_CS-L-2018_2016-M_P-D_D-B03_B02-0_2-R_R-01,00:15:33.408,STT_CS
STT_CS-L-2018_2017-M_M-D_D-B01_B02-0_0-R_R-01,00:02:09.659,STT_CS
STT_CS-L-2018_2017-M_M-D_D-B02_B03-0_0-R_R-01,00:23:56.617,STT_CS
STT_CS-L-2018_2018-M_M-D_D-B04_B02-0_0-R_R-02,00:14:08.593,STT_CS
STT_CS-L-2018_2018-M_M-D_D-B04_B04-1_1-R_R-01,00:40:12.088,STT_CS
STT_CS-L-2018_2018-M_M-D_D-B04_B04-1_1-R_R-02,00:12:25.992,STT_CS
STT_CS-L-2018_2018-M_M-D_D-B05_B05-3_3-R_R-01A,00:13:55.591,STT_CS
STT_CS-L-2018_2018-M_M-D_D-B05_B05-3_3-R_R-02A,00:43:50.723,STT_CS
STT_CS-L-2018_2018-M_M-D_D-B05_B05-3_3-R_R-02B,00:42:54.754,STT_CS
STT_CS-L-2018_2018-M_P-D_D-B04_B01-1_1-R_R-01,00:15:31.980,STT_CS
STT_CS-L-2018_2018-P_P-D_D-B01_B01-1_1-R_R-01,00:13:27.457,STT_CS
STT_CS-L-2018_2018_2017-M_M_M-D_D_D-B02_B02_B02-1_1_1-R_R_R-01,00:14:01.339,STT_CS
STT_CS-L-2018_2018_2018-M_P_P-D_D_D-B03_B03_B03-0_0_0-Y_Y_Y-01a,00:00:12.084,STT_CS
STT_CS-L-2018_2018_2018-P_P_M-D_D_D-B03_B03_B03-0_0_0-Y_Y_Y-01a,00:12:52.440,STT_CS
STT_CS-L-2018_2018_2018-P_P_M-D_D_D-B03_B03_B03-0_0_0-Y_Y_Y-01b,00:10:03.214,STT_CS
STT_CS-L-2018_2018_2018-P_P_M-D_D_D-B03_B03_B03-0_0_0-Y_Y_Y-01c,00:00:44.602,STT_CS
STT_CS-L-2018_2018_M_M-D_D-B05_B05-3_3-R_R-01B,00:15:22.437,STT_CS
STT_CS-L-2019_2018-M_M-D_D-B03_B03-1_1-R_R-02,00:09:42.077,STT_CS
STT_CS-L-2019_2019-M_P-D_D-B02_B02-0_0-Y_Y-01a,00:20:41.778,STT_CS
STT_CS-L-2019_2019-M_P-D_D-B02_B02-0_0-Y_Y-01b,00:07:11.520,STT_CS
STT_CS-X-1976-M-D-G01-4-L-01,00:09:29.809,STT_CS
STT_CS-X-1999-M-D-G05-4-L-01,00:04:18.862,STT_CS
STT_CS-X-2001-M-D-G04-4-L-01,00:04:52.846,STT_CS
STT_CS-X-2001-M-D-G05-4-L-02,00:07:40.947,STT_CS
STT_CS-X-2007-M-D-G02-3-L-01,00:03:29.874,STT_CS
STT_CS-X-2007-M-D-G05-4-L-01,00:20:08.687,STT_CS
STT_CS-X-2008-M-D-G05-4-L-01,00:16:05.273,STT_CS
STT_CS-X-2009-M-D-G02-2-L-01,00:07:53.798,STT_CS
STT_CS-X-2009-M-D-G02-3-L-01,00:10:57.632,STT_CS
STT_CS-X-2009-M-D-G02-3-L-02,00:10:37.350,STT_CS
STT_CS-X-2010-M-D-B06-6-R-01,00:06:44.610,STT_CS
STT_CS-X-2010-M-D-B06-6-R-02,00:16:05.228,STT_CS
STT_CS-X-2010-M-D-B06-6-R-04,00:31:15.373,STT_CS
STT_CS-X-2010-M-D-B07-5-R-01,00:13:32.751,STT_CS
STT_CS-X-2010-M-D-B08-6-R-01,00:25:55.273,STT_CS
STT_CS-X-2010-M-D-G02-2-L-02,00:07:51.196,STT_CS
STT_CS-X-2010-P-D-B01-4-R-01,00:11:08.002,STT_CS
STT_CS-X-2010-P-D-B04-6-R-01,00:34:19.322,STT_CS
STT_CS-X-2010-P-D-B05-5-R-01,00:02:36.093,STT_CS
STT_CS-X-2010-P-D-B05-6-R-01,00:17:13.730,STT_CS
STT_CS-X-2010_2010-M_M-D_D-G03_G02-2_2-L_L-02,00:04:41.629,STT_CS
STT_CS-X-2011-M-D-B01-5-R-01,00:09:50.445,STT_CS
STT_CS-X-2011-M-D-B05-6-R-01,00:06:49.488,STT_CS
STT_CS-X-2011-M-D-B06-6-R-01,00:17:11.055,STT_CS
STT_CS-X-2011-M-D-B06-6-R-03,00:08:35.360,STT_CS
STT_CS-X-2011-M-D-B08-6-R-01,00:10:01.693,STT_CS
STT_CS-X-2011-M-D-G01-0-L-01,00:06:45.338,STT_CS
STT_CS-X-2011-M-D-G02-1-L-01,00:03:50.135,STT_CS
STT_CS-X-2011-M-D-G02-2-L-01,00:03:28.338,STT_CS
STT_CS-X-2011-M-D-G03-2-L-01,00:06:48.759,STT_CS
STT_CS-X-2011-P-D-B01-0-R-01,00:14:29.574,STT_CS
STT_CS-X-2011-P-D-B02-0-R-01,00:11:38.139,STT_CS
STT_CS-X-2011-P-D-B02-6-R-01,00:02:41.985,STT_CS
STT_CS-X-2011-P-D-B03-5-R-01,00:04:49.111,STT_CS
STT_CS-X-2011-P-D-B03-5-R-02,00:06:10.814,STT_CS
STT_CS-X-2011-P-D-B04-6-R-01,00:07:06.921,STT_CS
STT_CS-X-2011-P-D-B06-6-R-01,00:40:33.840,STT_CS
STT_CS-X-2011-P-D-B08-4-R-01,00:07:14.140,STT_CS
STT_CS-X-2011-P-D-G03-3-N-02,00:06:13.868,STT_CS
STT_CS-X-2011-P-D-G03-5-N-02,00:17:28.254,STT_CS
STT_CS-X-2011_2012-M_M-D_D-B05_B04-6_5-R_R-01,00:03:07.548,STT_CS
STT_CS-X-2012-M-D-B01-0-R-01,00:10:37.485,STT_CS
STT_CS-X-2012-M-D-B01-3-R-01,00:05:28.271,STT_CS
STT_CS-X-2012-M-D-B01-3-R-03,00:04:00.243,STT_CS
STT_CS-X-2012-M-D-B01-4-R-02,00:16:15.387,STT_CS
STT_CS-X-2012-M-D-B01-4-R-03,00:04:25.457,STT_CS
STT_CS-X-2012-M-D-B01-4-R-04,00:07:55.758,STT_CS
STT_CS-X-2012-M-D-B01-4-R-05,00:11:08.465,STT_CS
STT_CS-X-2012-M-D-B01-4-R-06,00:09:31.483,STT_CS
STT_CS-X-2012-M-D-B01-4-R-08,00:08:47.857,STT_CS
STT_CS-X-2012-M-D-B01-5-R-07,00:13:28.502,STT_CS
STT_CS-X-2012-M-D-B02-3-R-01,00:05:42.036,STT_CS
STT_CS-X-2012-M-D-B02-3-R-02,00:11:38.269,STT_CS
STT_CS-X-2012-M-D-B02-4-R-04,00:16:14.093,STT_CS
STT_CS-X-2012-M-D-B03-3-R-02,00:07:16.705,STT_CS
STT_CS-X-2012-M-D-B03-3-R-03,00:05:52.022,STT_CS
STT_CS-X-2012-M-D-B03-3-R-05,00:07:37.296,STT_CS
STT_CS-X-2012-M-D-B03-4-R-02,00:29:11.461,STT_CS
STT_CS-X-2012-M-D-B03-5-R-01,00:21:23.462,STT_CS
STT_CS-X-2012-M-D-B03-5-R-02,00:10:45.774,STT_CS
STT_CS-X-2012-M-D-B03-5-R-03,00:08:22.611,STT_CS
STT_CS-X-2012-M-D-B03-5-R-04,00:02:57.274,STT_CS
STT_CS-X-2012-M-D-B03-5-R-07,00:03:02.447,STT_CS
STT_CS-X-2012-M-D-B03-5-R-09,00:05:31.190,STT_CS
STT_CS-X-2012-M-D-B04-3-R-01,00:08:36.432,STT_CS
STT_CS-X-2012-M-D-B04-4-R-01,00:03:40.525,STT_CS
STT_CS-X-2012-M-D-B04-4-R-02,00:05:04.583,STT_CS
STT_CS-X-2012-M-D-B04-4-R-05,00:08:44.025,STT_CS
STT_CS-X-2012-M-D-B04-4-R-06,00:05:14.290,STT_CS
STT_CS-X-2012-M-D-B04-5-R-01,00:11:35.432,STT_CS
STT_CS-X-2012-M-D-B04-5-R-02,00:07:52.184,STT_CS
STT_CS-X-2012-M-D-B04-5-R-03,00:01:50.653,STT_CS
STT_CS-X-2012-M-D-B04-5-R-5,00:09:52.626,STT_CS
STT_CS-X-2012-M-D-B04-5-R-6,00:07:29.743,STT_CS
STT_CS-X-2012-M-D-B05-4-R-01,00:09:34.149,STT_CS
STT_CS-X-2012-M-D-B05-5-R-01,00:10:08.642,STT_CS
STT_CS-X-2012-M-D-B05-5-R-02,00:07:09.802,STT_CS
STT_CS-X-2012-M-D-B05-5-R-04,00:04:26.608,STT_CS
STT_CS-X-2012-M-D-B05-5-R-05,00:10:25.881,STT_CS
STT_CS-X-2012-M-D-B05-5-R-07,00:05:32.804,STT_CS
STT_CS-X-2012-M-D-B05-5-R-09,00:05:59.381,STT_CS
STT_CS-X-2012-M-D-B05-5-R-11,00:09:16.801,STT_CS
STT_CS-X-2012-M-D-B05-5-R-12,00:04:46.045,STT_CS
STT_CS-X-2012-M-D-B05-5-R-13,00:06:52.981,STT_CS
STT_CS-X-2012-M-D-B05-6-R-01,00:07:28.531,STT_CS
STT_CS-X-2012-M-D-B05-6-R-02,00:15:13.005,STT_CS
STT_CS-X-2012-M-D-B05-6-R-O1,00:03:54.950,STT_CS
STT_CS-X-2012-M-D-B06-5-R-01,00:19:03.358,STT_CS
STT_CS-X-2012-M-D-B06-5-R-02,00:14:25.733,STT_CS
STT_CS-X-2012-M-D-B06-6-R-01,00:20:53.793,STT_CS
STT_CS-X-2012-M-D-B07-4-R-01,00:05:25.392,STT_CS
STT_CS-X-2012-M-D-B09-6-R-03,00:10:44.578,STT_CS
STT_CS-X-2012-M-D-G02-0-L-01,00:06:56.186,STT_CS
STT_CS-X-2012-M_D-B06-6-R-02,00:03:04.172,STT_CS
STT_CS-X-2012-P-D-B01-6-R-02,00:20:09.846,STT_CS
STT_CS-X-2012-P-D-B02-5-T-01,00:00:45.493,STT_CS
STT_CS-X-2012-P-D-B03-3-R-01,00:09:24.722,STT_CS
STT_CS-X-2012-P-D-B03-3-R-03,00:04:02.448,STT_CS
STT_CS-X-2012-P-D-B03-3-R-05,00:06:32.432,STT_CS
STT_CS-X-2012-P-D-B03-5-R-01,00:02:46.828,STT_CS
STT_CS-X-2012-P-D-B04-3-R-04,00:07:18.888,STT_CS
STT_CS-X-2012-P-D-B04-4-R-02,00:06:24.796,STT_CS
STT_CS-X-2012-P-D-B04-5-R-01,00:13:46.095,STT_CS
STT_CS-X-2012-P-D-B05-4-R-01,00:25:11.216,STT_CS
STT_CS-X-2012-P-D-B05-4-R-03,00:06:35.178,STT_CS
STT_CS-X-2012-P-D-B06-5-R-01,00:08:13.068,STT_CS
STT_CS-X-2012-P-D-B06-5-R-02,00:02:56.875,STT_CS
STT_CS-X-2012-P-D-B06-6-R-01,00:14:38.305,STT_CS
STT_CS-X-2012-P-D-B06-6-R-02,00:12:10.312,STT_CS
STT_CS-X-2012-P-D-G02-3-N-02,00:12:34.440,STT_CS
STT_CS-X-2012-P-D-G02-3-N-03,00:06:43.625,STT_CS
STT_CS-X-2012-P-D-G03-3-N-02,00:09:16.495,STT_CS
STT_CS-X-2012-P-D-G03-3-N-03,00:09:59.501,STT_CS
STT_CS-X-2013-M-D-B01-0-R-01,00:01:37.670,STT_CS
STT_CS-X-2013-M-D-B01-3-R-01,00:08:17.020,STT_CS
STT_CS-X-2013-M-D-B01-4-R-01,00:00:06.970,STT_CS
STT_CS-X-2013-M-D-B01-4-R-03,00:04:58.034,STT_CS
STT_CS-X-2013-M-D-B01-4-R-07,00:10:56.702,STT_CS
STT_CS-X-2013-M-D-B01-4-R-09,00:04:47.903,STT_CS
STT_CS-X-2013-M-D-B01-5-R-01,00:15:44.961,STT_CS
STT_CS-X-2013-M-D-B01-5-T-01,00:00:40.178,STT_CS
STT_CS-X-2013-M-D-B02-3-R-03,00:05:06.827,STT_CS
STT_CS-X-2013-M-D-B02-5-R-4,00:09:09.183,STT_CS
STT_CS-X-2013-M-D-B03-5-R-01,00:20:21.730,STT_CS
STT_CS-X-2013-M-D-B03-5-R-04,00:09:46.750,STT_CS
STT_CS-X-2013-M-D-B03-5-R-06,00:07:33.798,STT_CS
STT_CS-X-2013-M-D-B04-3-R-01,00:07:47.709,STT_CS
STT_CS-X-2013-M-D-B04-3-R-02,00:04:00.837,STT_CS
STT_CS-X-2013-M-D-B04-4-R-03,00:02:22.004,STT_CS
STT_CS-X-2013-M-D-B04-5-R-01,00:09:02.212,STT_CS
STT_CS-X-2013-M-D-B04-5-R-03,00:04:43.950,STT_CS
STT_CS-X-2013-M-D-B04-5-R-05,00:04:46.877,STT_CS
STT_CS-X-2013-M-D-B05-4-R-02,00:10:20.980,STT_CS
STT_CS-X-2013-M-D-B05-5-R-01,00:05:52.595,STT_CS
STT_CS-X-2013-M-D-B05-5-R-03,00:09:04.351,STT_CS
STT_CS-X-2013-M-D-B05-5-R-04,00:15:32.296,STT_CS
STT_CS-X-2013-M-D-B05-5-R-06,00:06:49.953,STT_CS
STT_CS-X-2013-M-D-B05-5-R-09,00:07:15.019,STT_CS
STT_CS-X-2013-M-D-B05-5-R-5,00:08:53.225,STT_CS
STT_CS-X-2013-M-D-B05-5-T-01,00:00:45.839,STT_CS
STT_CS-X-2013-M-D-B06-4-R-03,00:14:13.524,STT_CS
STT_CS-X-2013-M-D-B07-5-R-01,00:06:42.752,STT_CS
STT_CS-X-2013-M-D-B07-5-R-04,00:05:06.253,STT_CS
STT_CS-X-2013-M-D-B08-5-R-03,00:20:25.620,STT_CS
STT_CS-X-2013-M-D-B08-5-T-01,00:00:46.078,STT_CS
STT_CS-X-2013-M-D-B10-5-R-01,00:03:09.060,STT_CS
STT_CS-X-2013-M-D-G01-1-L-01,00:14:49.040,STT_CS
STT_CS-X-2013-M-D-G02-2-L-01,00:10:36.726,STT_CS
STT_CS-X-2013-M-D-G02-2-L-02,00:10:40.185,STT_CS
STT_CS-X-2013-P-D-B01-0-R-01,00:02:43.752,STT_CS
STT_CS-X-2013-P-D-B01-2-R-01,00:01:56.940,STT_CS
STT_CS-X-2013-P-D-B01-3-R-01,00:03:30.957,STT_CS
STT_CS-X-2013-P-D-B01-5-R-01,00:15:25.162,STT_CS
STT_CS-X-2013-P-D-B02-3-R-02,00:02:57.909,STT_CS
STT_CS-X-2013-P-D-B02-3-R-04,00:04:42.925,STT_CS
STT_CS-X-2013-P-D-B03-4-R-02,00:08:34.612,STT_CS
STT_CS-X-2013-P-D-B03-4-R-05,00:02:34.758,STT_CS
STT_CS-X-2013-P-D-B03-4-R-06,00:02:06.893,STT_CS
STT_CS-X-2013-P-D-B03-4-R-08,00:13:44.715,STT_CS
STT_CS-X-2013-P-D-B03-4-R-09,00:14:38.188,STT_CS
STT_CS-X-2013-P-D-B04-2-R-05,00:12:45.437,STT_CS
STT_CS-X-2013-P-D-B04-4-R-01,00:09:33.200,STT_CS
STT_CS-X-2013-P-D-B05-4-R-01,00:10:34.073,STT_CS
STT_CS-X-2013-P-D-B06-4-R-01,00:08:56.368,STT_CS
STT_CS-X-2013-P-D-B06-4-R-03,00:06:57.557,STT_CS
STT_CS-X-2013-P-D-B07-4-R-01,00:10:12.951,STT_CS
STT_CS-X-2013-P-D-B07-4-T-01,00:00:14.845,STT_CS
STT_CS-X-2013-P-D-G01-2-N-01,00:08:53.063,STT_CS
STT_CS-X-2013-P-D-G01-2-N-02,00:08:00.831,STT_CS
STT_CS-X-2013-P-D-G02-3-N-01,00:14:58.014,STT_CS
STT_CS-X-2013-P-D-G02-3-N-03,00:06:39.888,STT_CS
STT_CS-X-2013-P-D-G02-3-N-04,00:06:39.888,STT_CS
STT_CS-X-2013-P-D-G03-3-N-02,00:14:25.012,STT_CS
STT_CS-X-2013-P-D-G03-3-N-03,00:04:52.745,STT_CS
STT_CS-X-2013-P-D-G03-5-N-01,00:08:25.048,STT_CS
STT_CS-X-2013-P-D-G04-3-N-01,00:08:19.795,STT_CS
STT_CS-X-2013-P_D-B04-4-R-01,00:03:15.092,STT_CS
STT_CS-X-2014-M-D-B01-1-R-01,00:03:45.155,STT_CS
STT_CS-X-2014-M-D-B01-2-R-01,00:08:51.061,STT_CS
STT_CS-X-2014-M-D-B01-3-R-01,00:03:13.394,STT_CS
STT_CS-X-2014-M-D-B01-3-R-02,00:05:42.998,STT_CS
STT_CS-X-2014-M-D-B01-3-R-04,00:06:09.304,STT_CS
STT_CS-X-2014-M-D-B02-1-R-01,00:03:36.682,STT_CS
STT_CS-X-2014-M-D-B02-3-R-01,00:09:35.649,STT_CS
STT_CS-X-2014-M-D-B02-3-R-02,00:16:46.896,STT_CS
STT_CS-X-2014-M-D-B02-3-R-03,00:06:33.749,STT_CS
STT_CS-X-2014-M-D-B02-3-R-05,00:04:09.023,STT_CS
STT_CS-X-2014-M-D-B02-4-R-01,00:14:47.270,STT_CS
STT_CS-X-2014-M-D-B03-1-R-01,00:02:07.251,STT_CS
STT_CS-X-2014-M-D-B03-3-R-01,00:05:06.998,STT_CS
STT_CS-X-2014-M-D-B03-3-R-02,00:05:48.179,STT_CS
STT_CS-X-2014-M-D-B03-3-R-05,00:08:20.492,STT_CS
STT_CS-X-2014-M-D-B03-5-R-04,00:06:46.333,STT_CS
STT_CS-X-2014-M-D-B04-3-R-01,00:08:18.233,STT_CS
STT_CS-X-2014-M-D-B04-3-R-02,00:04:24.405,STT_CS
STT_CS-X-2014-M-D-B04-3-R-05,00:08:51.728,STT_CS
STT_CS-X-2014-M-D-B04-4-R-02,00:05:04.830,STT_CS
STT_CS-X-2014-M-D-B04-5-R-04,00:11:26.077,STT_CS
STT_CS-X-2014-M-D-B05-3-R-03,00:02:27.626,STT_CS
STT_CS-X-2014-M-D-B06-4-R-01,00:11:00.564,STT_CS
STT_CS-X-2014-M-D-B07-4-R-01,00:14:38.902,STT_CS
STT_CS-X-2014-M-D-B07-4-T-01,00:01:03.506,STT_CS
STT_CS-X-2014-M-D-B07-5-R-01,00:16:21.644,STT_CS
STT_CS-X-2014-M-D-B09-4-R-01,00:04:46.227,STT_CS
STT_CS-X-2014-M-D-G02-0-L-01,00:05:59.607,STT_CS
STT_CS-X-2014-M-D-G02-1-L-01,00:03:42.688,STT_CS
STT_CS-X-2014-P-D-B01-2-R-01,00:02:45.177,STT_CS
STT_CS-X-2014-P-D-B02-3-R-01,00:02:23.694,STT_CS
STT_CS-X-2014-P-D-B02-4-R-01,00:05:23.634,STT_CS
STT_CS-X-2014-P-D-B03-2-R-01,00:06:09.739,STT_CS
STT_CS-X-2014-P-D-B03-3-R-01,00:03:55.395,STT_CS
STT_CS-X-2014-P-D-B04-4-R-02,00:22:01.446,STT_CS
STT_CS-X-2014-P-D-B06-4-R-01,00:02:45.389,STT_CS
STT_CS-X-2014-P-D-B06-4-R-02,00:11:05.273,STT_CS
STT_CS-X-2014-P-D-B06-4-R-03,00:04:12.098,STT_CS
STT_CS-X-2014-P-D-B06-4-R-05,00:09:46.632,STT_CS
STT_CS-X-2014-P-D-B06-4-R-06,00:09:20.122,STT_CS
STT_CS-X-2014-P-D-B07-4-T-01,00:00:36.767,STT_CS
STT_CS-X-2014-P-D-G01-2-N-02,00:17:50.691,STT_CS
STT_CS-X-2014-P-D-G02-3-N-02,00:12:29.525,STT_CS
STT_CS-X-2014-P-D-G03-3-N-01,00:15:12.527,STT_CS
STT_CS-X-2014-P-D-G03-3-N-02,00:12:31.383,STT_CS
STT_CS-X-2014-P-D-G03-3-N-03,00:06:29.482,STT_CS
STT_CS-X-2014-P-D-G03-5-N-01,00:09:58.076,STT_CS
STT_CS-X-2015-M-D-B01-0-R-01,00:14:56.909,STT_CS
STT_CS-X-2015-M-D-B01-0-R-02,00:01:00.017,STT_CS
STT_CS-X-2015-M-D-B01-3-R-01,00:05:21.008,STT_CS
STT_CS-X-2015-M-D-B02-1-R-01,00:07:03.833,STT_CS
STT_CS-X-2015-M-D-B02-2-R-01,00:08:49.061,STT_CS
STT_CS-X-2015-M-D-B02-2-R-03,00:04:51.006,STT_CS
STT_CS-X-2015-M-D-B02-2-R-07,00:01:49.049,STT_CS
STT_CS-X-2015-M-D-B02-3-R-01,00:04:12.963,STT_CS
STT_CS-X-2015-M-D-B02-3-R-02,00:08:08.817,STT_CS
STT_CS-X-2015-M-D-B02-3-R-05,00:11:22.368,STT_CS
STT_CS-X-2015-M-D-B03-2-R-03,00:04:59.242,STT_CS
STT_CS-X-2015-M-D-B03-3-R-01,00:05:55.271,STT_CS
STT_CS-X-2015-M-D-B03-3-R-05,00:08:27.166,STT_CS
STT_CS-X-2015-M-D-B03-3-R-09,00:14:40.689,STT_CS
STT_CS-X-2015-M-D-B04-1-R-04,00:14:39.826,STT_CS
STT_CS-X-2015-M-D-B04-2-R-01,00:03:45.445,STT_CS
STT_CS-X-2015-M-D-B04-2-R-05,00:09:41.063,STT_CS
STT_CS-X-2015-M-D-B04-3-R-01,00:07:52.304,STT_CS
STT_CS-X-2015-M-D-B04-3-R-02,00:07:49.484,STT_CS
STT_CS-X-2015-M-D-B04-3-R-04,00:06:28.322,STT_CS
STT_CS-X-2015-M-D-B04-3-R-05,00:05:12.632,STT_CS
STT_CS-X-2015-M-D-B05-2-R-03,00:16:16.266,STT_CS
STT_CS-X-2015-M-D-B06-3-R-01,00:21:35.070,STT_CS
STT_CS-X-2015-M-D-B06-3-R-02,00:14:44.074,STT_CS
STT_CS-X-2015-M-D-G01-1-L-01,00:16:36.166,STT_CS
STT_CS-X-2015-M-D-G02-1-L-01,00:16:36.166,STT_CS
STT_CS-X-2015-M_D-B01-3-R-02,00:12:39.713,STT_CS
STT_CS-X-2015-P-D-B01-2-R-02,00:05:12.690,STT_CS
STT_CS-X-2015-P-D-B01-3-R-02,00:04:22.701,STT_CS
STT_CS-X-2015-P-D-B02-1-R-02,00:09:03.413,STT_CS
STT_CS-X-2015-P-D-B02-2-R-01,00:07:58.072,STT_CS
STT_CS-X-2015-P-D-B02-2-R-02,00:06:44.684,STT_CS
STT_CS-X-2015-P-D-B02-4-R-01,00:13:31.008,STT_CS
STT_CS-X-2015-P-D-B02-4-R-02,00:13:59.075,STT_CS
STT_CS-X-2015-P-D-B03-2-R-01,00:10:37.474,STT_CS
STT_CS-X-2015-P-D-B03-2-R-02,00:01:34.191,STT_CS
STT_CS-X-2015-P-D-B03-2-R-04,00:03:50.263,STT_CS
STT_CS-X-2015-P-D-B03-3-R-04,00:12:45.441,STT_CS
STT_CS-X-2015-P-D-B03-3-R-05,00:03:00.107,STT_CS
STT_CS-X-2015-P-D-B03-4-R-01,00:13:11.466,STT_CS
STT_CS-X-2015-P-D-B03-4-R-02,00:05:34.772,STT_CS
STT_CS-X-2015-P-D-B03-4-R-03,00:02:46.776,STT_CS
STT_CS-X-2015-P-D-B04-2-R-05,00:07:18.665,STT_CS
STT_CS-X-2015-P-D-B05-2-R-01,00:01:36.751,STT_CS
STT_CS-X-2015-P-D-B05-2-R-07,00:07:42.278,STT_CS
STT_CS-X-2015-P-D-B07-3-R-01,00:08:43.501,STT_CS
STT_CS-X-2015-P-D-B08-2-R-01,00:08:10.832,STT_CS
STT_CS-X-2015-P-D-G01-1-N-02,00:13:43.168,STT_CS
STT_CS-X-2015-P-D-G01-2-N-01,00:06:46.640,STT_CS
STT_CS-X-2015-P-D-G01-2-N-02,00:05:39.058,STT_CS
STT_CS-X-2015-P-D-G01-2-N-03,00:12:16.064,STT_CS
STT_CS-X-2015-P-D-G02-2-N-01,00:05:16.887,STT_CS
STT_CS-X-2015_2013-M_M-D_D-G02_G01-0_0-L_L-01,00:06:12.498,STT_CS
STT_CS-X-2016-M-D-B01-0-R-01,00:10:08.107,STT_CS
STT_CS-X-2016-M-D-B01-1-R-02,00:03:40.903,STT_CS
STT_CS-X-2016-M-D-B01-1-R-03,00:01:59.822,STT_CS
STT_CS-X-2016-M-D-B01-1-R-04,00:06:10.814,STT_CS
STT_CS-X-2016-M-D-B01-2-R-02,00:05:06.998,STT_CS
STT_CS-X-2016-M-D-B02-0-R-01,00:00:52.510,STT_CS
STT_CS-X-2016-M-D-B02-0-R-04,00:00:13.674,STT_CS
STT_CS-X-2016-M-D-B02-1-R-02,00:08:49.061,STT_CS
STT_CS-X-2016-M-D-B02-1-R-04,00:04:50.388,STT_CS
STT_CS-X-2016-M-D-B02-1-R-05,00:03:55.987,STT_CS
STT_CS-X-2016-M-D-B02-1-R-07,00:04:53.329,STT_CS
STT_CS-X-2016-M-D-B02-2-R-01,00:06:00.079,STT_CS
STT_CS-X-2016-M-D-B02-2-R-03,00:05:09.651,STT_CS
STT_CS-X-2016-M-D-B02-2-R-04,00:05:56.450,STT_CS
STT_CS-X-2016-M-D-B02-2-R-05,00:03:03.598,STT_CS
STT_CS-X-2016-M-D-B02-2-R-06,00:09:45.539,STT_CS
STT_CS-X-2016-M-D-B03-1-R-02,00:03:11.173,STT_CS
STT_CS-X-2016-M-D-B03-2-R-02,00:07:13.961,STT_CS
STT_CS-X-2016-M-D-B03-2-R-03,00:04:21.289,STT_CS
STT_CS-X-2016-M-D-B04-2-R-02,00:15:22.809,STT_CS
STT_CS-X-2016-M-D-B05-2-R-01,00:08:40.394,STT_CS
STT_CS-X-2016-M-D-B05-2-R-03,00:03:33.329,STT_CS
STT_CS-X-2016-M-D-G02-0-L-01,00:06:07.447,STT_CS
STT_CS-X-2016-M-D-G02-1-L-01,00:15:04.452,STT_CS
STT_CS-X-2016-P-D-B01-0-R-02,00:01:01.244,STT_CS
STT_CS-X-2016-P-D-B01-1-R-01,00:03:39.751,STT_CS
STT_CS-X-2016-P-D-B02-0-R-03,00:06:06.762,STT_CS
STT_CS-X-2016-P-D-B02-2-R-01,00:13:43.048,STT_CS
STT_CS-X-2016-P-D-B02-2-R-03,00:10:57.981,STT_CS
STT_CS-X-2016-P-D-B02-2-R-06,00:14:59.833,STT_CS
STT_CS-X-2016-P-D-B02-2-R-07,00:10:01.779,STT_CS
STT_CS-X-2016-P-D-B02-3-R-02,00:15:47.558,STT_CS
STT_CS-X-2016-P-D-B03-2-R-01,00:09:10.655,STT_CS
STT_CS-X-2016-P-D-B03-3-R-04,00:06:30.424,STT_CS
STT_CS-X-2016-P-D-B04-2-R-03,00:07:31.339,STT_CS
STT_CS-X-2016-P-D-B05-2-R-01,00:04:39.320,STT_CS
STT_CS-X-2016-P-D-B06-3-R-01,00:08:52.042,STT_CS
STT_CS-X-2016-P-D-B07-2-R-03,00:04:57.442,STT_CS
STT_CS-X-2016-P-D-G01-2-N-02,00:05:14.451,STT_CS
STT_CS-X-2016-P-D-G02-2-N-01,00:09:33.216,STT_CS
STT_CS-X-2016-P-D-G02-2-N-02,00:07:35.402,STT_CS
STT_CS-X-2016-P-D-G03-2-N-02,00:07:12.453,STT_CS
STT_CS-X-2017-M-D-B01-0-R-01,00:05:19.426,STT_CS
STT_CS-X-2017-M-D-B01-1-R-01,00:13:34.141,STT_CS
STT_CS-X-2017-M-D-B01-2-R-01,00:10:59.534,STT_CS
STT_CS-X-2017-M-D-B02-0-R-01,00:02:08.516,STT_CS
STT_CS-X-2017-M-D-B03-1-R-02,00:05:49.775,STT_CS
STT_CS-X-2017-P-D-B01-0-R-04,00:04:54.915,STT_CS
STT_CS-X-2017-P-D-B01-1-R-01,00:10:47.125,STT_CS
STT_CS-X-2017-P-D-B02-2-R-03,00:08:52.760,STT_CS
STT_CS-X-2017-P-D-B07-2-R-03,00:03:02.111,STT_CS
STT_CS-X-2018-M-D-B01-0-R-01,00:00:55.094,STT_CS
STT_CS-X-2018-M-D-B01-1-R-01,00:19:10.680,STT_CS
STT_CS-X-2018-M-D-B02-0-R-03,00:03:09.592,STT_CS
STT_CS-X-2018-M-D-B03-0-Y-01a,00:20:27.049,STT_CS
STT_CS-X-2018-M-D-B03-0-Y-01b,00:10:58.495,STT_CS
STT_CS-X-2018-M-D-B03-2-R-01,00:18:59.584,STT_CS
STT_CS-X-2018-M-D-B04-1-R-01,00:05:21.530,STT_CS
STT_CS-X-2018-M-D-B04-1-R-02,00:05:18.088,STT_CS
STT_CS-X-2018-M-D-B04-2-R-01,00:39:12.077,STT_CS
STT_CS-X-2018-P-D-B01-0-R-01,00:01:53.202,STT_CS
STT_CS-X-2018-P-D-B01-0-R-03,00:04:54.814,STT_CS
STT_CS-X-2018-P-D-B01-1-R-03,00:03:04.543,STT_CS
STT_CS-X-2018-P-D-B02-2-R-01,00:36:48.523,STT_CS
STT_CS-X-2019-M-D-B01-0-R-01,00:04:13.852,STT_CS
STT_CS-X-2019-M-D-B02-0-R-02,00:02:20.127,STT_CS
STT_CS-X-2019-M-D-B02-0-Y-01,00:01:05.546,STT_CS
STT_CS-X-2019-M-D-B03-1-R-01,00:05:22.437,STT_CS
STT_CS-X-2019-M-D-B04-0-R-01,00:01:24.451,STT_CS
STT_CS-X-2019-P-D-B01-0-R-01,00:02:30.125,STT_CS
STT_CS-X-203-M-D-B03-5-R-03,00:04:20.672,STT_CS
STT_CS-X-D-2015-M-D-B03-3-R-01,00:06:22.549,STT_CS
STT_CS-X2019_X2019-M_P-D_D-02##_02##-0_0-Y_Y-01a,00:06:40.758,STT_CS
STT_CS-X2019_X2019-M_P-D_D-02##_02##-0_0-Y_Y-01b,00:10:54.772,STT_CS
STT_CS-X2019_X2019-M_P-D_D-02##_02##-0_0-Y_Y-01c,00:08:56.554,STT_CS
STT_CS-X2019_X2019-M_P-D_D-02##_02##-0_0-Y_Y-01d,00:02:38.290,STT_CS
STT_CS-X2019_X2019-M_P-D_D-02##_02##-0_0-Y_Y-01e,00:02:27.587,STT_CS
STT_CS-x-2014-M-D-B01-3-R-05,00:05:51.724,STT_CS
STT_CS_A1,00:00:57.214,STT_CS
STT_CS_A10,00:00:36.191,STT_CS
STT_CS_A15,00:05:58.065,STT_CS
STT_CS_A16,00:02:53.064,STT_CS
STT_CS_A17,00:01:36.213,STT_CS
STT_CS_A18,00:08:38.265,STT_CS
STT_CS_A7,00:03:04.221,STT_CS
STT_CS_B1,00:05:54.964,STT_CS
STT_CS_B10,00:01:35.980,STT_CS
STT_CS_B11,00:05:58.200,STT_CS
STT_CS_B12,00:09:23.705,STT_CS
STT_CS_B13,00:04:40.789,STT_CS
STT_CS_B14,00:04:04.912,STT_CS
STT_CS_B15,00:06:09.404,STT_CS
STT_CS_B16,00:07:15.270,STT_CS
STT_CS_B17,00:02:14.905,STT_CS
STT_CS_B18,00:01:22.065,STT_CS
STT_CS_B19,00:04:33.700,STT_CS
STT_CS_B2,00:08:49.402,STT_CS
STT_CS_B20,00:05:00.609,STT_CS
STT_CS_B21,00:11:05.735,STT_CS
STT_CS_B22,00:04:20.061,STT_CS
STT_CS_B23,00:01:15.645,STT_CS
STT_CS_B24,00:02:51.664,STT_CS
STT_CS_B25,00:02:43.880,STT_CS
STT_CS_B26,00:02:36.478,STT_CS
STT_CS_B27,00:01:45.551,STT_CS
STT_CS_B28,00:04:31.301,STT_CS
STT_CS_B29,00:01:57.529,STT_CS
STT_CS_B3,00:02:52.742,STT_CS
STT_CS_B30,00:06:21.380,STT_CS
STT_CS_B31,00:04:49.895,STT_CS
STT_CS_B32,00:08:04.395,STT_CS
STT_CS_B33,00:04:36.027,STT_CS
STT_CS_B34,00:00:49.432,STT_CS
STT_CS_B35,00:01:11.662,STT_CS
STT_CS_B36,00:01:42.562,STT_CS
STT_CS_B37,00:00:43.571,STT_CS
STT_CS_B38,00:02:00.924,STT_CS
STT_CS_B39,00:01:20.457,STT_CS
STT_CS_B4,00:06:36.711,STT_CS
STT_CS_B40,00:01:26.247,STT_CS
STT_CS_B41,00:02:41.459,STT_CS
STT_CS_B42,00:02:46.350,STT_CS
STT_CS_B43,00:09:09.892,STT_CS
STT_CS_B44,00:06:10.080,STT_CS
STT_CS_B45,00:03:00.256,STT_CS
STT_CS_B46,00:11:14.533,STT_CS
STT_CS_B47,00:02:13.387,STT_CS
STT_CS_B48,00:11:40.832,STT_CS
STT_CS_B49,00:12:21.248,STT_CS
STT_CS_B5,00:05:53.934,STT_CS
STT_CS_B6,00:03:23.851,STT_CS
STT_CS_B7,00:03:24.852,STT_CS
STT_CS_B8,00:01:17.122,STT_CS
STT_CS_B9,00:10:52.627,STT_CS
STT_CS_C1,00:00:16.588,STT_CS
STT_CS_C10,00:00:43.183,STT_CS
STT_CS_C11,00:00:59.991,STT_CS
STT_CS_C12,00:02:46.415,STT_CS
STT_CS_C13,00:00:18.902,STT_CS
STT_CS_C14,00:00:29.747,STT_CS
STT_CS_C15,00:00:53.315,STT_CS
STT_CS_C16,00:00:59.797,STT_CS
STT_CS_C17,00:00:46.927,STT_CS
STT_CS_C18,00:01:08.528,STT_CS
STT_CS_C19,00:02:02.196,STT_CS
STT_CS_C20,00:01:11.605,STT_CS
STT_CS_C21,00:03:06.125,STT_CS
STT_CS_C22,00:01:37.430,STT_CS
STT_CS_C23,00:02:25.838,STT_CS
STT_CS_C24,00:04:08.077,STT_CS
STT_CS_C25,00:02:13.374,STT_CS
STT_CS_C26,00:00:48.212,STT_CS
STT_CS_C27,00:01:33.637,STT_CS
STT_CS_C28,00:00:36.704,STT_CS
STT_CS_C29,00:01:15.115,STT_CS
STT_CS_C3,00:00:33.194,STT_CS
STT_CS_C30,00:00:06.920,STT_CS
STT_CS_C31,00:01:45.682,STT_CS
STT_CS_C32,00:01:42.975,STT_CS
STT_CS_C33,00:00:35.149,STT_CS
STT_CS_C34,00:00:09.113,STT_CS
STT_CS_C35,00:00:48.838,STT_CS
STT_CS_C36,00:00:59.560,STT_CS
STT_CS_C8,00:00:33.194,STT_CS
STT_CS_C9,00:00:23.828,STT_CS
STT_CS_Y0001,00:21:19.774,STT_CS
